-- phpMyAdmin SQL Dump
-- version 4.7.0
-- https://www.phpmyadmin.net/
--
-- Servidor: 127.0.0.1
-- Tiempo de generación: 27-02-2018 a las 20:11:10
-- Versión del servidor: 10.1.25-MariaDB
-- Versión de PHP: 7.1.7

SET SQL_MODE = "NO_AUTO_VALUE_ON_ZERO";
SET AUTOCOMMIT = 0;
START TRANSACTION;
SET time_zone = "+00:00";


/*!40101 SET @OLD_CHARACTER_SET_CLIENT=@@CHARACTER_SET_CLIENT */;
/*!40101 SET @OLD_CHARACTER_SET_RESULTS=@@CHARACTER_SET_RESULTS */;
/*!40101 SET @OLD_COLLATION_CONNECTION=@@COLLATION_CONNECTION */;
/*!40101 SET NAMES utf8mb4 */;

--
-- Base de datos: `sgrchil_sp3`
--

-- --------------------------------------------------------

--
-- Estructura de tabla para la tabla `actividad`
--

CREATE TABLE `actividad` (
  `ACT_COD_COD` int(10) UNSIGNED NOT NULL,
  `ACT_DESC` varchar(45) COLLATE utf8mb4_unicode_ci NOT NULL,
  `SUB_RUB_COD` int(11) NOT NULL
) ENGINE=InnoDB DEFAULT CHARSET=utf8mb4 COLLATE=utf8mb4_unicode_ci;

--
-- Volcado de datos para la tabla `actividad`
--

INSERT INTO `actividad` (`ACT_COD_COD`, `ACT_DESC`, `SUB_RUB_COD`) VALUES
(1, 'CULTIVO DE TRIGO', 1),
(2, 'CULTIVO DE MAIZ', 1),
(3, 'CULTIVO DE AVENA', 1),
(4, 'CULTIVO DE ARROZ', 1),
(5, 'CULTIVO DE CEBADA', 1),
(6, 'CULTIVO DE OTROS CEREALES', 1),
(7, 'CULTIVO FORRAJEROS EN PRADERAS NATURALES', 1),
(8, 'CULTIVO FORRAJEROS EN PRADERAS MEJORADAS O SE', 1),
(9, 'CULTIVO DE POROTOS O FRIJOL', 1),
(10, 'CULTIVO, PRODUCCIÓN DE LUPINO', 1),
(11, 'CULTIVO DE OTRAS LEGUMBRES', 1),
(12, 'CULTIVO DE PAPAS', 1),
(13, 'CULTIVO DE CAMOTES O BATATAS', 1),
(14, 'CULTIVO DE OTROS TUBÉRCULOS N.C.P', 1),
(15, 'CULTIVO DE RAPS', 1),
(16, 'CULTIVO DE MARAVILLA', 1),
(17, 'CULTIVO DE OTRAS OLEAGINOSAS N.C.P.', 1),
(18, 'PRODUCCIÓN DE SEMILLAS DE CEREALES, LEGUMBRES', 1),
(19, 'CULTIVO DE REMOLACHA', 1),
(20, 'CULTIVO DE TABACO', 1),
(21, 'CULTIVO DE FIBRAS VEGETALES INDUSTRIALES', 1),
(22, 'CULTIVO DE PLANTAS AROMÁTICAS O MEDICINALES', 1),
(23, 'OTROS CULTIVOS N.C.P.', 1),
(24, 'CULTIVO TRADICIONAL DE HORTALIZAS FRESCAS', 1),
(25, 'CULTIVO DE HORTALIZAS EN INVERNADEROS Y CULTI', 1),
(26, 'CULTIVO ORGÁNICO DE HORTALIZAS', 1),
(27, 'CULTIVO DE PLANTAS VIVAS Y PRODUCTOS DE LA FL', 1),
(28, 'PRODUCCIÓN DE SEMILLAS DE FLORES, PRADOS, FRU', 1),
(29, 'PRODUCCIÓN EN VIVEROS; EXCEPTO ESPECIES FORES', 1),
(30, 'CULTIVO Y RECOLECCIÓN DE HONGOS, TRUFAS Y SAV', 1),
(31, 'CULTIVO DE UVA DESTINADA A PRODUCCIÓN DE PISC', 1),
(32, 'CULTIVO DE UVA DESTINADA A PRODUCCIÓN DE VINO', 1),
(33, 'CULTIVO DE UVA DE MESA', 1),
(34, 'CULTIVO DE FRUTALES EN ÁRBOLES O ARBUSTOS CON', 1),
(35, 'CULTIVO DE FRUTALES MENORES EN PLANTAS CON CI', 1),
(36, 'CULTIVO DE PLANTAS CUYAS HOJAS O FRUTAS SE UT', 1),
(37, 'CULTIVO DE ESPECIAS', 1),
(38, 'CRÍA DE GANADO BOVINO PARA LA PRODUCCIÓN LECH', 2),
(39, 'CRÍA DE GANADO PARA PRODUCCIÓN DE CARNE, O CO', 2),
(40, 'CRÍA DE GANADO OVINO Y/O EXPLOTACIÓN LANERA', 2),
(41, 'CRÍA DE EQUINOS (CABALLARES, MULARES)', 2),
(42, 'CRÍA DE PORCINOS', 2),
(43, 'CRÍA DE AVES DE CORRAL PARA LA PRODUCCIÓN DE ', 2),
(44, 'CRÍA DE AVES DE CORRAL PARA LA PRODUCCIÓN DE ', 2),
(45, 'CRÍA DE AVES FINAS O NO TRADICIONALES', 2),
(46, 'CRÍA DE ANIMALES DOMÉSTICOS; PERROS Y GATOS', 2),
(47, 'APICULTURA', 2),
(48, 'RANICULTURA, HELICICULTURA U OTRA ACTIVIDAD C', 2),
(49, 'OTRAS EXPLOTACIONES DE ANIMALES NO CLASIFICAD', 2),
(50, 'EXPLOTACIÓN MIXTA', 3),
(51, 'SERVICIO DE CORTE Y ENFARDADO DE FORRAJE', 4),
(52, 'SERVICIO DE RECOLECCIÓN, EMPACADO, TRILLA, DE', 4),
(53, 'SERVICIO DE ROTURACIÓN SIEMBRA Y SIMILARES', 4),
(54, 'DESTRUCCIÓN DE PLAGAS; PULVERIZACIONES, FUMIG', 4),
(55, 'COSECHA, PODA, AMARRE Y LABORES DE ADECUACIÓN', 4),
(56, 'OTROS SERVICIOS AGRÍCOLAS N.C.P.', 4),
(57, 'SERVICIOS DE ADIESTRAMIENTO, GUARDERÍA Y CUID', 4),
(58, 'SERVICIOS GANADEROS, EXCEPTO ACTIVIDADES VETE', 4),
(59, 'CAZA DE MAMÍFEROS MARINOS; EXCEPTO BALLENAS', 5),
(60, 'CAZA ORDINARIA Y MEDIANTE TRAMPAS, Y ACTIVIDA', 5),
(61, 'EXPLOTACIÓN DE BOSQUES', 6),
(62, 'RECOLECCIÓN DE PRODUCTOS FORESTALES SILVESTRE', 6),
(63, 'EXPLOTACIÓN DE VIVEROS DE ESPECIES FORESTALES', 6),
(64, 'SERVICIOS DE FORESTACIÓN', 6),
(65, 'SERVICIOS DE CORTA DE MADERA', 6),
(66, 'SERVICIOS DE CONTROL DE INCENDIOS FORESTALES', 6),
(67, 'OTRAS ACTIVIDADES DE SERVICIOS CONEXAS A LA S', 6),
(68, 'CULTIVO DE ESPECIES ACUÁTICAS EN CUERPO DE AG', 7),
(69, 'REPRODUCCIÓN Y CRIANZAS DE PECES MARINOS', 7),
(70, 'CULTIVO, REPRODUCCIÓN Y CRECIMIENTOS DE VEGET', 7),
(71, 'REPRODUCCIÓN Y CRÍA DE MOLUSCOS Y CRUSTACEOS.', 7),
(72, 'SERVICIOS RELACIONADOS CON LA ACUICULTURA, NO', 7),
(73, 'PESCA INDUSTRIAL', 8),
(74, 'ACTIVIDAD PESQUERA DE BARCOS FACTORÍAS', 8),
(75, 'PESCA ARTESANAL. EXTRACCIÓN DE RECURSOS ACUÁT', 8),
(76, 'RECOLECCIÓN DE PRODUCTOS MARINOS, COMO PERLAS', 8),
(77, 'SERVICIOS RELACIONADOS CON LA PESCA, NO INCLU', 8),
(78, 'EXTRACCIÓN, AGLOMERACIÓN DE CARBÓN DE PIEDRA,', 9),
(79, 'EXTRACCIÓN DE PETRÓLEO CRUDO Y GAS NATURAL', 10),
(80, 'ACTIVIDADES DE SERVICIOS RELACIONADAS CON LA ', 10),
(81, 'EXTRACCIÓN DE MINERALES DE URANIO Y TORIO', 11),
(82, 'EXTRACCIÓN DE MINERALES DE HIERRO', 11),
(83, 'EXTRACCIÓN DE ORO Y PLATA', 11),
(84, 'EXTRACCIÓN DE ZINC Y PLOMO', 11),
(85, 'EXTRACCIÓN DE MANGANESO', 11),
(86, 'EXTRACCIÓN DE OTROS MINERALES METALÍFEROS N.C', 11),
(87, 'EXTRACCIÓN DE COBRE', 11),
(88, 'EXTRACCIÓN DE PIEDRA, ARENA Y ARCILLA', 12),
(89, 'EXTRACCIÓN DE NITRATOS Y YODO', 12),
(90, 'EXTRACCIÓN DE SAL', 12),
(91, 'EXTRACCIÓN DE LITIO Y CLORUROS, EXCEPTO SAL', 12),
(92, 'EXPLOTACIÓN DE OTRAS MINAS Y CANTERAS N.C.P.', 12),
(93, 'PRODUCCIÓN, PROCESAMIENTO DE CARNES ROJAS Y P', 13),
(94, 'CONSERVACIÓN DE CARNES ROJAS (FRIGORÍFICOS)', 13),
(95, 'PRODUCCIÓN, PROCESAMIENTO Y CONSERVACIÓN DE C', 13),
(96, 'ELABORACIÓN DE CECINAS, EMBUTIDOS Y CARNES EN', 13),
(97, 'PRODUCCIÓN DE HARINA DE PESCADO', 13),
(98, 'FABRICACIÓN DE PRODUCTOS ENLATADOS DE PESCADO', 13),
(99, 'ELABORACIÓN DE CONGELADOS DE PESCADOS Y MARIS', 13),
(100, 'ELABORACIÓN DE PRODUCTOS AHUMADOS, SALADOS, D', 13),
(101, 'ELABORACIÓN DE PRODUCTOS EN BASE A VEGETALES ', 13),
(102, 'ELABORACIÓN Y CONSERVACIÓN DE FRUTAS, LEGUMBR', 13),
(103, 'ELABORACIÓN DE ACEITES Y GRASAS DE ORIGEN VEG', 13),
(104, 'ELABORACIÓN DE ACEITES Y GRASAS DE ORIGEN ANI', 13),
(105, 'ELABORACIÓN DE ACEITES Y GRASAS DE ORIGEN MAR', 13),
(106, 'ELABORACIÓN DE LECHE, MANTEQUILLA, PRODUCTOS ', 14),
(107, 'ELABORACIÓN DE QUESOS', 14),
(108, 'FABRICACIÓN DE POSTRES A BASE DE LECHE (HELAD', 14),
(109, 'ELABORACIÓN DE HARINAS DE TRIGO', 15),
(110, 'ACTIVIDADES DE MOLIENDA DE ARROZ', 15),
(111, 'ELABORACIÓN DE OTRAS MOLINERAS Y ALIMENTOS A ', 15),
(112, 'ELABORACIÓN DE ALMIDONES Y PRODUCTOS DERIVADO', 15),
(113, 'ELABORACIÓN DE GLUCOSA Y OTROS AZÚCARES DIFER', 15),
(114, 'ELABORACIÓN DE ALIMENTOS PREPARADOS PARA ANIM', 15),
(115, 'FABRICACIÓN DE PAN, PRODUCTOS DE PANADERÍA Y ', 16),
(116, 'FABRICACIÓN DE GALLETAS', 16),
(117, 'ELABORACIÓN DE AZÚCAR DE REMOLACHA O CANA', 16),
(118, 'ELABORACIÓN DE CACAO Y CHOCOLATES', 16),
(119, 'FABRICACIÓN DE PRODUCTOS DE CONFITERÍA', 16),
(120, 'ELABORACIÓN DE MACARRONES, FIDEOS, ALCUZCUZ Y', 16),
(121, 'ELABORACIÓN DE TE, CAFÉ, INFUSIONES', 16),
(122, 'ELABORACIÓN DE LEVADURAS NATURALES O ARTIFICI', 16),
(123, 'ELABORACIÓN DE VINAGRES, MOSTAZAS, MAYONESAS ', 16),
(124, 'ELABORACIÓN DE OTROS PRODUCTOS ALIMENTICIOS N', 16),
(125, 'ELABORACIÓN DE PISCOS (INDUSTRIAS PISQUERAS)', 17),
(126, 'ELABORACIÓN DE BEBIDAS ALCOHÓLICAS Y DE ALCOH', 17),
(127, 'ELABORACIÓN DE VINOS', 17),
(128, 'ELABORACIÓN DE BEBIDAS MALTEADAS, CERVEZAS Y ', 17),
(129, 'ELABORACIÓN DE BEBIDAS NO ALCOHÓLICAS', 17),
(130, 'ENVASADO DE AGUA MINERAL NATURAL, DE MANANTIA', 17),
(131, 'ELABORACIÓN DE HIELO', 17),
(132, 'FABRICACIÓN DE CIGARROS Y CIGARRILLOS', 18),
(133, 'FABRICACIÓN DE OTROS PRODUCTOS DEL TABACO', 18),
(134, 'PREPARACIÓN DE HILATURA DE FIBRAS TEXTILES; T', 19),
(135, 'ACABADO DE PRODUCTOS TEXTIL', 19),
(136, 'FABRICACIÓN DE ARTÍCULOS CONFECCIONADOS DE MA', 20),
(137, 'FABRICACIÓN DE TAPICES Y ALFOMBRA', 20),
(138, 'FABRICACIÓN DE CUERDAS, CORDELES, BRAMANTES Y', 20),
(139, 'FABRICACIÓN DE TEJIDOS DE USO INDUSTRIAL COMO', 20),
(140, 'FABRICACIÓN DE OTROS PRODUCTOS TEXTILES N.C.P', 20),
(141, 'FABRICACIÓN DE TEJIDOS DE PUNTO', 21),
(142, 'FABRICACIÓN DE PRENDAS DE VESTIR TEXTILES Y S', 22),
(143, 'FABRICACIÓN DE PRENDAS DE VESTIR DE CUERO NAT', 22),
(144, 'FABRICACIÓN DE ACCESORIOS DE VESTIR', 22),
(145, 'FABRICACIÓN DE ROPA DE TRABAJO', 22),
(146, 'ADOBO Y TENIDOS DE PIELES; FABRICACIÓN DE ART', 23),
(147, 'CURTIDO Y ADOBO DE CUEROS', 23),
(148, 'FABRICACIÓN DE MALETAS, BOLSOS DE MANO Y SIMI', 23),
(149, 'FABRICACIÓN DE CALZADO', 24),
(150, 'ASERRADO Y ACEPILLADURA DE MADERAS', 25),
(151, 'FABRICACIÓN DE TABLEROS, PANELES Y HOJAS DE M', 26),
(152, 'FABRICACIÓN DE PARTES Y PIEZAS DE CARPINTERÍA', 26),
(153, 'FABRICACIÓN DE RECIPIENTES DE MADERA', 26),
(154, 'FABRICACIÓN DE OTROS PRODUCTOS DE MADERA; ART', 26),
(155, 'FABRICACIÓN DE CELULOSA Y OTRAS PASTAS DE MAD', 27),
(156, 'FABRICACIÓN DE PAPEL DE PERIÓDICO', 27),
(157, 'FABRICACIÓN DE PAPEL Y CARTÓN N.C.P.', 27),
(158, 'FABRICACIÓN DE PAPEL Y CARTÓN ONDULADO Y DE E', 27),
(159, 'FABRICACIÓN DE OTROS ARTÍCULOS DE PAPEL Y CAR', 27),
(160, 'EDICIÓN PRINCIPALMENTE DE LIBROS', 28),
(161, 'EDICIÓN DE FOLLETOS, PARTITURAS Y OTRAS PUBLI', 28),
(162, 'EDICIÓN DE PERIÓDICOS, REVISTAS Y PUBLICACION', 28),
(163, 'EDICIÓN DE GRABACIONES', 28),
(164, 'OTRAS ACTIVIDADES DE EDICIÓN', 28),
(165, 'IMPRESIÓN PRINCIPALMENTE DE LIBROS', 29),
(166, 'OTRAS ACTIVIDADES DE IMPRESIÓN N.C.P.', 29),
(167, 'ACTIVIDADES DE SERVICIO RELACIONADA CON LA IM', 29),
(168, 'REPRODUCCIÓN DE GRABACIONES', 29),
(169, 'FABRICACIÓN DE PRODUCTOS DE HORNOS COQUE', 30),
(170, 'FABRICACIÓN DE PRODUCTOS DE REFINACIÓN DE PET', 30),
(171, 'ELABORACIÓN DE COMBUSTIBLE NUCLEAR', 31),
(172, 'FABRICACIÓN DE CARBÓN VEGETAL, Y BRIQUETAS DE', 32),
(173, 'FABRICACIÓN DE SUSTANCIAS QUÍMICAS BÁSICAS, E', 32),
(174, 'FABRICACIÓN DE ABONOS Y COMPUESTOS DE NITRÓGE', 32),
(175, 'FABRICACIÓN DE PLÁSTICOS EN FORMAS PRIMARIAS ', 32),
(176, 'FABRICACIÓN DE PLAGUICIDAS Y OTROS PRODUCTOS ', 33),
(177, 'FABRICACIÓN DE PINTURAS, BARNICES Y PRODUCTOS', 33),
(178, 'FABRICACIÓN DE PRODUCTOS FARMACEUTICOS, SUSTA', 33),
(179, 'FABRICACIONES DE JABONES Y DETERGENTES, PREPA', 33),
(180, 'FABRICACIÓN DE EXPLOSIVOS Y PRODUCTOS DE PIRO', 33),
(181, 'FABRICACIÓN DE OTROS PRODUCTOS QUÍMICOS N.C.P', 33),
(182, 'FABRICACIÓN DE FIBRAS MANUFACTURADAS', 34),
(183, 'FABRICACIÓN DE CUBIERTAS Y CÁMARAS DE CAUCHO', 35),
(184, 'RECAUCHADO Y RENOVACIÓN DE CUBIERTAS DE CAUCH', 35),
(185, 'FABRICACIÓN DE OTROS PRODUCTOS DE CAUCHO', 35),
(186, 'FABRICACIÓN DE PLANCHAS, LÁMINAS, CINTAS, TIR', 36),
(187, 'FABRICACIÓN DE TUBOS, MANGUERAS PARA LA CONST', 36),
(188, 'FABRICACIÓN DE OTROS ARTÍCULOS DE PLÁSTICO', 36),
(189, 'FABRICACIÓN, MANIPULADO Y TRANSFORMACIÓN DE V', 37),
(190, 'FABRICACIÓN DE VIDRIO HUECO', 37),
(191, 'FABRICACIÓN DE FIBRAS DE VIDRIO', 37),
(192, 'FABRICACIÓN DE ARTÍCULOS DE VIDRIO N.C.P.', 37),
(193, 'FABRICACIÓN DE PRODUCTOS DE CERÁMICA NO REFRA', 38),
(194, 'FABRICACIÓN DE PRODUCTOS DE CERÁMICA NO REFRA', 38),
(195, 'FABRICACIÓN DE PRODUCTOS DE CERÁMICAS REFRACT', 38),
(196, 'FABRICACIÓN DE PRODUCTOS DE ARCILLA Y CERÁMIC', 38),
(197, 'FABRICACIÓN DE CEMENTO, CAL Y YESO', 38),
(198, 'ELABORACIÓN DE HORMIGÓN, ARTÍCULOS DE HORMIGÓ', 38),
(199, 'FABRICACIÓN DE PRODUCTOS DE FIBROCEMENTO Y AS', 38),
(200, 'FABRICACIÓN DE PANELES DE YESO PARA LA CONSTR', 38),
(201, 'FABRICACIÓN DE ARTÍCULOS DE CEMENTO Y YESO N.', 38),
(202, 'CORTE, TALLADO Y ACABADO DE LA PIEDRA', 38),
(203, 'FABRICACIÓN DE MEZCLAS BITUMINOSAS A BASE DE ', 38),
(204, 'FABRICACIÓN DE OTROS PRODUCTOS MINERALES NO M', 38),
(205, 'INDUSTRIAS BASICAS DE HIERRO Y ACERO', 39),
(206, 'ELABORACIÓN DE PRODUCTOS DE COBRE EN FORMAS P', 40),
(207, 'ELABORACIÓN DE PRODUCTOS DE ALUMINIO EN FORMA', 40),
(208, 'FABRICACIÓN DE PRODUCTOS PRIMARIOS DE METALES', 40),
(209, 'FUNDICIÓN DE HIERRO Y ACERO', 41),
(210, 'FUNDICIÓN DE METALES NO FERROSOS', 41),
(211, 'FABRICACIÓN DE PRODUCTOS METÁLICOS DE USO EST', 42),
(212, 'FABRICACIÓN DE RECIPIENTES DE GAS COMPRIMIDO ', 42),
(213, 'FABRICACIÓN DE TANQUES, DEPÓSITOS Y RECIPIENT', 42),
(214, 'REPARACIÓN DE TANQUES, DEPÓSITOS Y RECIPIENTE', 42),
(215, 'FABRICACIÓN DE GENERADORES DE VAPOR, EXCEPTO ', 42),
(216, 'REPARACIÓN DE GENERADORES DE VAPOR, EXCEPTO C', 42),
(217, 'FORJA, PRENSADO, ESTAMPADO Y LAMINADO DE META', 43),
(218, 'TRATAMIENTOS Y REVESTIMIENTOS DE METALES; OBR', 43),
(219, 'FABRICACIÓN DE ARTÍCULOS DE CUCHILLERÍA', 43),
(220, 'FABRICACIÓN DE HERRAMIENTAS DE MANO Y ARTÍCUL', 43),
(221, 'FABRICACIÓN DE CABLES, ALAMBRES Y PRODUCTOS D', 43),
(222, 'FABRICACIÓN DE OTROS PRODUCTOS ELABORADOS DE ', 43),
(223, 'FABRICACIÓN DE MOTORES Y TURBINAS, EXCEPTO PA', 44),
(224, 'REPARACIÓN DE MOTORES Y TURBINAS, EXCEPTO PAR', 44),
(225, 'FABRICACIÓN DE BOMBAS, GRIFOS, VÁLVULAS, COMP', 44),
(226, 'REPARACIÓN DE BOMBAS, COMPRESORES, SISTEMAS H', 44),
(227, 'FABRICACIÓN DE COJINETES, ENGRANAJES, TRENES ', 44),
(228, 'REPARACIÓN DE COJINETES, ENGRANAJES, TRENES D', 44),
(229, 'FABRICACIÓN DE HORNOS, HOGARES Y QUEMADORES', 44),
(230, 'REPARACIÓN DE HORNOS, HOGARES Y QUEMADORES', 44),
(231, 'FABRICACIÓN DE EQUIPO DE ELEVACIÓN Y MANIPULA', 44),
(232, 'REPARACIÓN DE EQUIPO DE ELEVACIÓN Y MANIPULAC', 44),
(233, 'FABRICACIÓN DE OTRO TIPO DE MAQUINARIAS DE US', 44),
(234, 'REPARACIÓN OTROS TIPOS DE MAQUINARIA Y EQUIPO', 44),
(235, 'FABRICACIÓN DE MAQUINARIA AGROPECUARIA Y FORE', 45),
(236, 'REPARACIÓN DE MAQUINARIA AGROPECUARIA Y FORES', 45),
(237, 'FABRICACIÓN DE MÁQUINAS HERRAMIENTAS', 45),
(238, 'REPARACIÓN DE MÁQUINAS HERRAMIENTAS', 45),
(239, 'FABRICACIÓN DE MAQUINARIA METALÚRGICA', 45),
(240, 'REPARACIÓN DE MAQUINARIA PARA LA INDUSTRIA ME', 45),
(241, 'FABRICACIÓN DE MAQUINARIA PARA MINAS Y CANTER', 45),
(242, 'FABRICACIÓN DE PARTES PARA MÁQUINAS DE SONDEO', 45),
(243, 'REPARACIÓN DE MAQUINARIA PARA LA EXPLOTACIÓN ', 45),
(244, 'FABRICACIÓN DE MAQUINARIA PARA LA ELABORACIÓN', 45),
(245, 'REPARACIÓN DE MAQUINARIA PARA LA ELABORACIÓN ', 45),
(246, 'FABRICACIÓN DE MAQUINARIA PARA LA ELABORACIÓN', 45),
(247, 'REPARACIÓN DE MAQUINARIA PARA LA INDUSTRIA TE', 45),
(248, 'FABRICACIÓN DE ARMAS Y MUNICIONES', 45),
(249, 'REPARACIÓN DE ARMAS', 45),
(250, 'FABRICACIÓN DE OTROS TIPOS DE MAQUINARIAS DE ', 45),
(251, 'REPARACIÓN DE OTROS TIPOS DE MAQUINARIA DE US', 45),
(252, 'FABRICACIÓN DE APARATOS DE USO DOMÉSTICO N.C.', 46),
(253, 'FABRICACIÓN Y ARMADO DE COMPUTADORES Y HARDWA', 47),
(254, 'FABRICACIÓN DE MAQUINARIA DE OFICINA, CONTABI', 47),
(255, 'FABRICACIÓN DE MOTORES, GENERADORES Y TRANSFO', 48),
(256, 'REPARACIÓN DE MOTORES, GENERADORES Y TRANSFOR', 48),
(257, 'FABRICACIÓN DE APARATOS DE DISTRIBUCIÓN Y CON', 49),
(258, 'REPARACIÓN DE APARATOS DE DISTRIBUCIÓN Y CONT', 49),
(259, 'FABRICACIÓN DE HILOS Y CABLES AISLADOS', 50),
(260, 'FABRICACIÓN DE ACUMULADORES DE PILAS Y BATERÍ', 51),
(261, 'FABRICACIÓN DE LÁMPARAS Y EQUIPO DE ILUMINACI', 52),
(262, 'REPARACIÓN DE EQUIPO DE ILUMINACIÓN', 52),
(263, 'FABRICACIÓN DE OTROS TIPOS DE EQUIPO ELÉCTRIC', 53),
(264, 'REPARACIÓN DE OTROS TIPOS DE EQUIPO ELÉCTRICO', 53),
(265, 'FABRICACIÓN DE COMPONENTES ELECTRÓNICOS', 54),
(266, 'REPARACIÓN DE COMPONENTES ELECTRÓNICOS', 54),
(267, 'FABRICACIÓN DE TRANSMISORES DE RADIO Y TELEVI', 55),
(268, 'REPARACIÓN DE TRANSMISORES DE RADIO Y TELEVIS', 55),
(269, 'FABRICACIÓN DE RECEPTORES (RADIO Y TV); APARA', 56),
(270, 'FABRICACIÓN DE EQUIPO MÉDICO Y QUIRÚRGICO, Y ', 57),
(271, 'LABORATORIOS DENTALES', 57),
(272, 'REPARACIÓN DE EQUIPO MÉDICO Y QUIRÚRGICO, Y D', 57),
(273, 'FABRICACIÓN DE INSTRUMENTOS Y APARATOS PARA M', 57),
(274, 'REPARACIÓN DE INSTRUMENTOS Y APARATOS PARA ME', 57),
(275, 'FABRICACIÓN DE EQUIPOS DE CONTROL DE PROCESOS', 57),
(276, 'REPARACIÓN DE EQUIPOS DE CONTROL DE PROCESOS ', 57),
(277, 'FABRICACIÓN Y/O REPARACIÓN DE LENTES Y ARTÍCU', 58),
(278, 'FABRICACIÓN DE INSTRUMENTOS DE OPTICA N.C.P. ', 58),
(279, 'REPARACIÓN DE INSTRUMENTOS DE OPTICA N.C.P Y ', 58),
(280, 'FABRICACIÓN DE RELOJES', 59),
(281, 'FABRICACIÓN DE VEHÍCULOS AUTOMOTORES', 60),
(282, 'FABRICACIÓN DE CARROCERÍAS PARA VEHÍCULOS AUT', 60),
(283, 'FABRICACIÓN DE PARTES Y ACCESORIOS PARA VEHÍC', 60),
(284, 'CONSTRUCCIÓN Y REPARACIÓN DE BUQUES; ASTILLER', 61),
(285, 'CONSTRUCCIÓN DE EMBARCACIONES MENORES', 61),
(286, 'REPARACIÓN DE EMBARCACIONES MENORES', 61),
(287, 'CONSTRUCCIÓN DE EMBARCACIONES DE RECREO Y DEP', 61),
(288, 'REPARACIÓN DE EMBARCACIONES DE RECREO Y DEPOR', 61),
(289, 'FABRICACIÓN DE LOCOMOTORAS Y DE MATERIAL RODA', 62),
(290, 'FABRICACIÓN DE AERONAVES Y NAVES ESPACIALES', 63),
(291, 'REPARACIÓN DE AERONAVES Y NAVES ESPACIALES', 63),
(292, 'FABRICACIÓN DE MOTOCICLETAS', 64),
(293, 'FABRICACIÓN DE BICICLETAS Y DE SILLONES DE RU', 64),
(294, 'FABRICACIÓN DE OTROS EQUIPOS DE TRANSPORTE N.', 64),
(295, 'FABRICACIÓN DE MUEBLES PRINCIPALMENTE DE MADE', 65),
(296, 'FABRICACIÓN DE OTROS MUEBLES N.C.P., INCLUSO ', 65),
(297, 'FABRICACIÓN DE JOYAS Y PRODUCTOS CONEXOS', 66),
(298, 'FABRICACIÓN DE INSTRUMENTOS DE MÚSICA', 66),
(299, 'FABRICACIÓN DE ARTÍCULOS DE DEPORTE', 66),
(300, 'FABRICACIÓN DE JUEGOS Y JUGUETES', 66),
(301, 'FABRICACIÓN DE PLUMAS Y LÁPICES DE TODA CLASE', 66),
(302, 'FABRICACIÓN DE BROCHAS, ESCOBAS Y CEPILLOS', 66),
(303, 'FABRICACIÓN DE FÓSFOROS', 66),
(304, 'FABRICACIÓN DE ARTÍCULOS DE OTRAS INDUSTRIAS ', 66),
(305, 'RECICLAMIENTO DE DESPERDICIOS Y DESECHOS METÁ', 67),
(306, 'RECICLAMIENTO DE PAPEL', 67),
(307, 'RECICLAMIENTO DE VIDRIO', 67),
(308, 'RECICLAMIENTO DE OTROS DESPERDICIOS Y DESECHO', 67),
(309, 'GENERACIÓN HIDROELÉCTRICA', 68),
(310, 'GENERACIÓN EN CENTRALES TERMOELÉCTRICA DE CIC', 68),
(311, 'GENERACIÓN EN OTRAS CENTRALES TERMOELÉCTRICAS', 68),
(312, 'GENERACIÓN EN OTRAS CENTRALES N.C.P.', 68),
(313, 'TRANSMISIÓN DE ENERGÍA ELÉCTRICA', 68),
(314, 'DISTRIBUCIÓN DE ENERGIA ELÉCTRICA', 68),
(315, 'FABRICACIÓN DE GAS; DISTRIBUCIÓN DE COMBUSTIB', 69),
(316, 'SUMINISTRO DE VAPOR Y AGUA CALIENTE', 70),
(317, 'CAPTACIÓN, DEPURACIÓN Y DISTRIBUCIÓN DE AGUA', 71),
(318, 'PREPARACIÓN DEL TERRENO, EXCAVACIONES Y MOVIM', 72),
(319, 'SERVICIOS DE DEMOLICIÓN Y EL DERRIBO DE EDIFI', 72),
(320, 'CONSTRUCCIÓN DE EDIFICIOS COMPLETOS O DE PART', 72),
(321, 'OBRAS DE INGENIERÍA', 72),
(322, 'ACONDICIONAMIENTO DE EDIFICIOS', 72),
(323, 'OBRAS MENORES EN CONSTRUCCIÓN (CONTRATISTAS, ', 72),
(324, 'ALQUILER DE EQUIPO DE CONSTRUCCIÓN O DEMOLICI', 72),
(325, 'VENTA AL POR MAYOR DE VEHÍCULOS AUTOMOTORES (', 73),
(326, 'VENTA O COMPRAVENTA AL POR MENOR DE VEHÍCULOS', 73),
(327, 'SERVICIO DE LAVADO DE VEHÍCULOS AUTOMOTORES', 74),
(328, 'SERVICIOS DE REMOLQUE DE VEHÍCULOS (GRUAS)', 74),
(329, 'MANTENIMIENTO Y REPARACIÓN DE VEHÍCULOS AUTOM', 74),
(330, 'VENTA DE PARTES, PIEZAS Y ACCESORIOS DE VEHÍC', 75),
(331, 'VENTA DE MOTOCICLETAS', 76),
(332, 'VENTA DE PIEZAS Y ACCESORIOS DE MOTOCICLETAS', 76),
(333, 'REPARACIÓN DE MOTOCICLETAS', 76),
(334, 'VENTA AL POR MENOR DE COMBUSTIBLE PARA AUTOMO', 77),
(335, 'CORRETAJE DE PRODUCTOS AGRÍCOLAS', 78),
(336, 'CORRETAJE DE GANADO (FERIAS DE GANADO)', 78),
(337, 'OTROS TIPOS DE CORRETAJES O REMATES N.C.P. (N', 78),
(338, 'VENTA AL POR MAYOR DE ANIMALES VIVOS', 79),
(339, 'VENTA AL POR MAYOR DE PRODUCTOS PECUARIOS (LA', 79),
(340, 'VENTA AL POR MAYOR DE MATERIAS PRIMAS AGRÍCOL', 79),
(341, 'MAYORISTA DE FRUTAS Y VERDURAS', 79),
(342, 'MAYORISTAS DE CARNES', 79),
(343, 'MAYORISTAS DE PRODUCTOS DEL MAR (PESCADO, MAR', 79),
(344, 'MAYORISTAS DE VINOS Y BEBIDAS ALCOHÓLICAS Y D', 79),
(345, 'VENTA AL POR MAYOR DE CONFITES', 79),
(346, 'VENTA AL POR MAYOR DE TABACO Y PRODUCTOS DERI', 79),
(347, 'VENTA AL POR MAYOR DE HUEVOS, LECHE, ABARROTE', 79),
(348, 'VENTA AL POR MAYOR DE PRODUCTOS TEXTILES, PRE', 80),
(349, 'VENTA AL POR MAYOR DE MUEBLES', 80),
(350, 'VENTA AL POR MAYOR DE ARTÍCULOS ELÉCTRICOS Y ', 80),
(351, 'VENTA AL POR MAYOR DE ARTÍCULOS DE PERFUMERÍA', 80),
(352, 'VENTA AL POR MAYOR DE PAPEL Y CARTÓN', 80),
(353, 'VENTA AL POR MAYOR DE LIBROS', 80),
(354, 'VENTA AL POR MAYOR DE REVISTAS Y PERIÓDICOS', 80),
(355, 'VENTA AL POR MAYOR DE PRODUCTOS FARMACEUTICOS', 80),
(356, 'VENTA AL POR MAYOR DE INSTRUMENTOS CIENTÍFICO', 80),
(357, 'VENTA AL POR MAYOR DE OTROS ENSERES DOMÉSTICO', 80),
(358, 'VENTA AL POR MAYOR DE COMBUSTIBLES LÍQUIDOS', 81),
(359, 'VENTA AL POR MAYOR DE COMBUSTIBLES SÓLIDOS', 81),
(360, 'VENTA AL POR MAYOR DE COMBUSTIBLES GASEOSOS', 81),
(361, 'VENTA AL POR MAYOR DE PRODUCTOS CONEXOS A LOS', 81),
(362, 'VENTA AL POR MAYOR DE METALES Y MINERALES MET', 81),
(363, 'VENTA AL POR MAYOR DE MADERA NO TRABAJADA Y P', 81),
(364, 'VENTA AL POR MAYOR DE MATERIALES DE CONSTRUCC', 81),
(365, 'VENTA AL POR MAYOR DE PRODUCTOS QUÍMICOS', 81),
(366, 'VENTA AL POR MAYOR DE DESECHOS METÁLICOS (CHA', 81),
(367, 'VENTA AL POR MAYOR DE INSUMOS VETERINARIOS', 81),
(368, 'VENTA AL POR MAYOR DE OTROS PRODUCTOS INTERME', 81),
(369, 'VENTA AL POR MAYOR DE MAQUINARIA AGRÍCOLA Y F', 82),
(370, 'VENTA AL POR MAYOR DE MAQUINARIA METALÚRGICA', 82),
(371, 'VENTA AL POR MAYOR DE MAQUINARIA PARA LA MINE', 82),
(372, 'VENTA AL POR MAYOR DE MAQUINARIA PARA LA CONS', 82),
(373, 'VENTA AL POR MAYOR DE MAQUINARIA PARA LA ELAB', 82),
(374, 'VENTA AL POR MAYOR DE MAQUINARIA PARA TEXTILE', 82),
(375, 'VENTA AL POR MAYOR DE MÁQUINAS Y EQUIPOS DE O', 82),
(376, 'VENTA AL POR MAYOR DE MAQUINARIA Y EQUIPO DE ', 82),
(377, 'VENTA AL POR MAYOR DE MAQUINARIA, HERRAMIENTA', 82),
(378, 'GRANDES ESTABLECIMIENTOS (VENTA DE ALIMENTOS)', 83),
(379, 'ALMACENES MEDIANOS (VENTA DE ALIMENTOS); SUPE', 83),
(380, 'ALMACENES PEQUENOS (VENTA DE ALIMENTOS)', 83),
(381, 'GRANDES TIENDAS - PRODUCTOS DE FERRETERÍA Y P', 83),
(382, 'GRANDES TIENDAS - VESTUARIO Y PRODUCTOS PARA ', 83),
(383, 'VENTA AL POR MENOR DE OTROS PRODUCTOS EN PEQU', 83),
(384, 'VENTA AL POR MENOR DE BEBIDAS Y LICORES (BOTI', 84),
(385, 'VENTA AL POR MENOR DE CARNES (ROJAS, BLANCAS,', 84),
(386, 'COMERCIO AL POR MENOR DE VERDURAS Y FRUTAS (V', 84),
(387, 'VENTA AL POR MENOR DE PESCADOS, MARISCOS Y PR', 84),
(388, 'VENTA AL POR MENOR DE PRODUCTOS DE PANADERÍA ', 84),
(389, 'VENTA AL POR MENOR DE ALIMENTOS PARA MASCOTAS', 84),
(390, 'VENTA AL POR MENOR DE AVES Y HUEVOS', 84),
(391, 'VENTA AL POR MENOR DE PRODUCTOS DE CONFITERÍA', 84),
(392, 'FARMACIAS - PERTENECIENTES A CADENA DE ESTABL', 85),
(393, 'FARMACIAS INDEPENDIENTES', 85),
(394, 'VENTA AL POR MENOR DE PRODUCTOS MEDICINALES', 85),
(395, 'VENTA AL POR MENOR DE ARTÍCULOS ORTOPÉDICOS', 85),
(396, 'VENTA AL POR MENOR DE ARTÍCULOS DE TOCADOR Y ', 85),
(397, 'VENTA AL POR MENOR DE CALZADO', 85),
(398, 'VENTA AL POR MENOR DE PRENDAS DE VESTIR EN GE', 85),
(399, 'VENTA AL POR MENOR DE LANAS, HILOS Y SIMILARE', 85),
(400, 'VENTA AL POR MENOR DE MALETERÍAS, TALABARTERÍ', 85),
(401, 'VENTA AL POR MENOR DE ROPA INTERIOR Y PRENDAS', 85),
(402, 'COMERCIO AL POR MENOR DE TEXTILES PARA EL HOG', 85),
(403, 'VENTA AL POR MENOR DE ARTÍCULOS ELECTRODOMÉST', 85),
(404, 'VENTA AL POR MENOR DE CRISTALES, LOZAS, PORCE', 85),
(405, 'VENTA AL POR MENOR DE MUEBLES; INCLUYE COLCHO', 85),
(406, 'VENTA AL POR MENOR DE INSTRUMENTOS MUSICALES ', 85),
(407, 'VENTA AL POR MENOR DE DISCOS, CASSETTES, DVD ', 85),
(408, 'VENTA AL POR MENOR DE LÁMPARAS, APLIQUÉS Y SI', 85),
(409, 'VENTA AL POR MENOR DE APARATOS, ARTÍCULOS, EQ', 85),
(410, 'VENTA AL POR MENOR DE ARTÍCULOS DE FERRETERÍA', 85),
(411, 'VENTA AL POR MENOR DE PINTURAS, BARNICES Y LA', 85),
(412, 'COMERCIO AL POR MENOR DE PRODUCTOS DE VIDRIO', 85),
(413, 'COMERCIO AL POR MENOR DE ARTÍCULOS FOTOGRÁFIC', 85),
(414, 'COMERCIO AL POR MENOR DE ARTÍCULOS ÓPTICOS', 85),
(415, 'COMERCIO POR MENOR DE JUGUETES', 85),
(416, 'COMERCIO AL POR MENOR DE LIBROS', 85),
(417, 'COMERCIO AL POR MENOR DE REVISTAS Y DIARIOS', 85),
(418, 'COMERCIO DE ARTÍCULOS DE SUMINISTROS DE OFICI', 85),
(419, 'COMERCIO AL POR MENOR DE COMPUTADORAS, SOFTWA', 85),
(420, 'COMERCIO AL POR MENOR DE ARMERÍAS, ARTÍCULOS ', 85),
(421, 'COMERCIO AL POR MENOR DE BICICLETAS Y SUS REP', 85),
(422, 'COMERCIO AL POR MENOR DE ARTÍCULOS DEPORTIVOS', 85),
(423, 'COMERCIO AL POR MENOR DE ARTÍCULOS DE JOYERÍA', 85),
(424, 'VENTA AL POR MENOR DE GAS LICUADO EN BOMBONAS', 85),
(425, 'VENTA AL POR MENOR DE CARBÓN, LENA Y OTROS CO', 85),
(426, 'COMERCIO AL POR MENOR DE ARTÍCULOS TÍPICOS (A', 85),
(427, 'VENTA AL POR MENOR DE FLORES, PLANTAS, ÁRBOLE', 85),
(428, 'VENTA AL POR MENOR DE MASCOTAS Y ACCESORIOS', 85),
(429, 'VENTAS AL POR MENOR DE OTROS PRODUCTOS EN ALM', 85),
(430, 'COMERCIO AL POR MENOR DE ANTIGUEDADES', 86),
(431, 'COMERCIO AL POR MENOR DE ROPA USADA', 86),
(432, 'COMERCIO AL POR MENOR DE ARTÍCULOS Y ARTEFACT', 86),
(433, 'VENTA AL POR MENOR EN EMPRESAS DE VENTA A DIS', 87),
(434, 'VENTA AL POR MENOR EN EMPRESAS DE VENTA A DIS', 87),
(435, 'VENTA AL POR MENOR EN EMPRESAS DE VENTA A DIS', 87),
(436, 'VENTA AL POR MENOR EN PUESTOS DE VENTA Y MERC', 87),
(437, 'VENTA AL POR MENOR REALIZADA POR INDEPENDIENT', 87),
(438, 'VENTA AL POR MENOR NO REALIZADA EN ALMACENES ', 87),
(439, 'MÁQUINAS EXPENDEDORAS', 87),
(440, 'VENTA AL POR MENOR A CAMBIO DE UNA RETRIBUCIÓ', 87),
(441, 'OTROS TIPOS DE VENTA AL POR MENOR NO REALIZAD', 87),
(442, 'REPARACIÓN DE CALZADO Y OTROS ARTÍCULOS DE CU', 88),
(443, 'REPARACIONES ELÉCTRICAS Y ELECTRÓNICAS', 88),
(444, 'REPARACIÓN DE RELOJES Y JOYAS', 88),
(445, 'OTRAS REPARACIONES DE EFECTOS PERSONALES Y EN', 88),
(446, 'HOTELES', 89),
(447, 'MOTELES', 89),
(448, 'RESIDENCIALES', 89),
(449, 'OTROS TIPOS DE HOSPEDAJE TEMPORAL COMO CAMPIN', 89),
(450, 'RESTAURANTES', 90),
(451, 'ESTABLECIMIENTOS DE COMIDA RÁPIDA (BARES, FUE', 90),
(452, 'CASINOS Y CLUBES SOCIALES', 90),
(453, 'SERVICIOS DE COMIDA PREPARADA EN FORMA INDUST', 90),
(454, 'SERVICIOS DE BANQUETES, BODAS Y OTRAS CELEBRA', 90),
(455, 'SERVICIOS DE OTROS ESTABLECIMIENTOS QUE EXPEN', 90),
(456, 'TRANSPORTE INTERURBANO DE PASAJEROS POR FERRO', 91),
(457, 'TRANSPORTE DE CARGA POR FERROCARRILES', 91),
(458, 'TRANSPORTE URBANO DE PASAJEROS VÍA FERROCARRI', 92),
(459, 'TRANSPORTE URBANO DE PASAJEROS VÍA AUTOBUS (L', 92),
(460, 'TRANSPORTE INTERURBANO DE PASAJEROS VÍA AUTOB', 92),
(461, 'TRANSPORTE URBANO DE PASAJEROS VÍA TAXI COLEC', 92),
(462, 'SERVICIOS DE TRANSPORTE ESCOLAR', 92),
(463, 'SERVICIOS DE TRANSPORTE DE TRABAJADORES', 92),
(464, 'OTROS TIPOS DE TRANSPORTE REGULAR DE PASAJERO', 92),
(465, 'TRANSPORTES POR TAXIS LIBRES Y RADIOTAXIS', 92),
(466, 'SERVICIOS DE TRANSPORTE A TURISTAS', 92),
(467, 'TRANSPORTE DE PASAJEROS EN VEHÍCULOS DE TRACC', 92),
(468, 'OTROS TIPOS DE TRANSPORTE NO REGULAR DE PASAJ', 92),
(469, 'TRANSPORTE DE CARGA POR CARRETERA', 92),
(470, 'TRANSPORTE POR TUBERÍAS', 93),
(471, 'TRANSPORTE MARÍTIMO Y DE CABOTAJE DE PASAJERO', 94),
(472, 'TRANSPORTE MARÍTIMO Y DE CABOTAJE DE CARGA', 94),
(473, 'TRANSPORTE DE PASAJEROS POR VÍAS DE NAVEGACIÓ', 95),
(474, 'TRANSPORTE DE CARGA POR VÍAS DE NAVEGACIÓN IN', 95),
(475, 'TRANSPORTE REGULAR POR VÍA AÉREA DE PASAJEROS', 96),
(476, 'TRANSPORTE REGULAR POR VÍA AÉREA DE CARGA', 96),
(477, 'TRANSPORTE NO REGULAR POR VÍA AÉREA DE PASAJE', 96),
(478, 'TRANSPORTE NO REGULAR POR VÍA AÉREA DE CARGA', 96),
(479, 'MANIPULACIÓN DE LA CARGA', 97),
(480, 'SERVICIOS DE ALMACENAMIENTO Y DEPÓSITO', 97),
(481, 'TERMINALES TERRESTRES DE PASAJEROS', 97),
(482, 'ESTACIONAMIENTO DE VEHÍCULOS Y PARQUÍMETROS', 97),
(483, 'PUERTOS Y AEROPUERTOS', 97),
(484, 'SERVICIOS PRESTADOS POR CONCESIONARIOS DE CAR', 97),
(485, 'OTRAS ACTIVIDADES CONEXAS AL TRANSPORTE N.C.P', 97),
(486, 'AGENCIAS Y ORGANIZADORES DE VIAJES; ACTIVIDAD', 97),
(487, 'AGENCIAS DE ADUANAS', 97),
(488, 'AGENCIAS DE TRANSPORTE', 97),
(489, 'ACTIVIDADES POSTALES NACIONALES', 98),
(490, 'ACTIVIDADES DE CORREO DISTINTAS DE LAS ACTIVI', 98),
(491, 'SERVICIOS DE TELEFONÍA FIJA', 99),
(492, 'SERVICIOS DE TELEFONÍA MÓVIL', 99),
(493, 'PORTADORES TELEFÓNICOS (LARGA DISTANCIA NACIO', 99),
(494, 'SERVICIOS DE TELEVISIÓN NO ABIERTA', 99),
(495, 'PROVEEDORES DE INTERNET', 99),
(496, 'CENTROS DE LLAMADOS; INCLUYE ENVÍO DE FAX', 99),
(497, 'CENTROS DE ACCESO A INTERNET', 99),
(498, 'OTROS SERVICIOS DE TELECOMUNICACIONES N.C.P.', 99),
(499, 'BANCA CENTRAL', 100),
(500, 'BANCOS', 100),
(501, 'FINANCIERAS', 100),
(502, 'OTROS TIPOS DE INTERMEDIACIÓN MONETARIA N.C.P', 100),
(503, 'LEASING FINANCIERO', 101),
(504, 'LEASING HABITACIONAL', 101),
(505, 'FINANCIAMIENTO DEL FOMENTO DE LA PRODUCCIÓN', 101),
(506, 'ACTIVIDADES DE CRÉDITO PRENDARIO', 101),
(507, 'FACTORING', 101),
(508, 'SECURITIZADORAS', 101),
(509, 'OTROS INSTITUCIONES FINANCIERAS N.C.P.', 101),
(510, 'ADMINISTRADORAS DE FONDOS DE INVERSIÓN', 101),
(511, 'ADMINISTRADORAS DE FONDOS MUTUOS', 101),
(512, 'ADMINISTRADORAS DE FICES (FONDOS DE INVERSIÓN', 101),
(513, 'ADMINISTRADORAS DE FONDOS PARA LA VIVIENDA', 101),
(514, 'ADMINISTRADORAS DE FONDOS PARA OTROS FINES Y/', 101),
(515, 'SOCIEDADES DE INVERSIÓN Y RENTISTAS DE CAPITA', 101),
(516, 'ADMINISTRACIÓN DE MERCADOS FINANCIEROS', 102),
(517, 'CORREDORES DE BOLSA', 102),
(518, 'AGENTES DE VALORES', 102),
(519, 'OTROS SERVICIOS DE CORRETAJE', 102),
(520, 'CÁMARA DE COMPENSACIÓN', 102),
(521, 'ADMINISTRADORA DE TARJETAS DE CRÉDITO', 102),
(522, 'EMPRESAS DE ASESORÍA, CONSULTORÍA FINANCIERA ', 102),
(523, 'CLASIFICADORES DE RIESGOS', 102),
(524, 'CASAS DE CAMBIO Y OPERADORES DE DIVISA', 102),
(525, 'OTRAS ACTIVIDADES AUXILIARES DE LA INTERMEDIA', 102),
(526, 'CORREDORES DE SEGUROS', 103),
(527, 'AGENTES Y LIQUIDADORES DE SEGUROS', 103),
(528, 'OTRAS ACTIVIDADES AUXILIARES DE LA FINANCIACI', 103),
(529, 'ARRIENDO DE INMUEBLES AMOBLADOS O CON EQUIPOS', 104),
(530, 'COMPRA, VENTA Y ALQUILER (EXCEPTO AMOBLADOS) ', 104),
(531, 'CORREDORES DE PROPIEDADES', 105),
(532, 'ALQUILER DE AUTOS Y CAMIONETAS SIN CHOFER', 106),
(533, 'ALQUILER DE OTROS EQUIPOS DE TRANSPORTE POR V', 106),
(534, 'ALQUILER DE TRANSPORTE POR VÍA ACUÁTICA SIN T', 106),
(535, 'ALQUILER DE EQUIPO DE TRANSPORTE POR VÍA AÉRE', 106),
(536, 'ALQUILER DE MAQUINARIA Y EQUIPO AGROPECUARIO', 107),
(537, 'ALQUILER DE MAQUINARIA Y EQUIPO DE CONSTRUCCI', 107),
(538, 'ALQUILER DE MAQUINARIA Y EQUIPO DE OFICINA (S', 107),
(539, 'ALQUILER DE OTROS TIPOS DE MAQUINARIAS Y EQUI', 107),
(540, 'ALQUILER DE BICICLETAS Y ARTÍCULOS PARA DEPOR', 108),
(541, 'ARRIENDO DE VIDEOS, JUEGOS DE VIDEO, Y EQUIPO', 108),
(542, 'ALQUILER DE MOBILIARIO PARA EVENTOS (SILLAS, ', 108),
(543, 'ALQUILER DE OTROS EFECTOS PERSONALES Y ENSERE', 108),
(544, 'ASESORES Y CONSULTORES EN INFORMÁTICA (SOFTWA', 109),
(545, 'PROCESAMIENTO DE DATOS Y ACTIVIDADES RELACION', 109),
(546, 'EMPRESAS DE SERVICIOS INTEGRALES DE INFORMÁTI', 109),
(547, 'MANTENIMIENTO Y REPARACIÓN DE MAQUINARIA DE O', 110),
(548, 'INVESTIGACIONES Y DESARROLLO EXPERIMENTAL EN ', 111),
(549, 'INVESTIGACIONES Y DESARROLLO EXPERIMENTAL EN ', 111),
(550, 'SERVICIOS JURÍDICOS', 112),
(551, 'SERVICIO NOTARIAL', 112),
(552, 'CONSERVADOR DE BIENES RAICES', 112),
(553, 'RECEPTORES JUDICIALES', 112),
(554, 'ARBITRAJES, SÍNDICOS, PERITOS Y OTROS', 112),
(555, 'ACTIVIDADES DE CONTABILIDAD, TENEDURÍA DE LIB', 112),
(556, 'INVESTIGACIÓN DE MERCADOS Y REALIZACIÓN DE EN', 112),
(557, 'ACTIVIDADES DE ASESORAMIENTO EMPRESARIAL Y EN', 112),
(558, 'SERVICIOS DE ARQUITECTURA Y TÉCNICO RELACIONA', 113),
(559, 'EMPRESAS DE SERVICIOS GEOLÓGICOS Y DE PROSPEC', 113),
(560, 'SERVICIOS PROFESIONALES EN GEOLOGÍA Y PROSPEC', 113),
(561, 'EMPRESAS DE SERVICIOS DE TOPOGRAFÍA Y AGRIMEN', 113),
(562, 'SERVICIOS PROFESIONALES DE TOPOGRAFÍA Y AGRIM', 113),
(563, 'SERVICIOS DE INGENIERÍA PRESTADOS POR EMPRESA', 113),
(564, 'SERVICIOS DE INGENIERÍA PRESTADOS POR PROFESI', 113),
(565, 'OTROS SERVICIOS DESARROLLADOS POR PROFESIONAL', 113),
(566, 'SERVICIO DE REVISIÓN TÉCNICA DE VEHÍCULOS AUT', 113),
(567, 'OTROS SERVICIOS DE ENSAYOS Y ANALISIS TÉCNICO', 113),
(568, 'EMPRESAS DE PUBLICIDAD', 114),
(569, 'SERVICIOS PERSONALES EN PUBLICIDAD', 114),
(570, 'SERVICIOS SUMINISTRO DE PERSONAL; EMPRESAS SE', 115),
(571, 'SERVICIOS DE RECLUTAMIENTO DE PERSONAL', 115),
(572, 'ACTIVIDADES DE INVESTIGACIÓN', 115),
(573, 'SERVICIOS INTEGRALES DE SEGURIDAD', 115),
(574, 'TRANSPORTE DE VALORES', 115),
(575, 'SERVICIOS PERSONALES RELACIONADOS CON SEGURID', 115),
(576, 'EMPRESAS DE LIMPIEZA DE EDIFICIOS RESIDENCIAL', 115),
(577, 'DESRATIZACIÓN Y FUMIGACIÓN NO AGRÍCOLA', 115),
(578, 'SERVICIOS DE REVELADO, IMPRESIÓN, AMPLIACIÓN ', 115),
(579, 'ACTIVIDADES DE FOTOGRAFÍA PUBLICITARIA', 115),
(580, 'SERVICIOS PERSONALES DE FOTOGRAFÍA', 115),
(581, 'SERVICIOS DE ENVASADO Y EMPAQUE', 115),
(582, 'SERVICIOS DE COBRANZA DE CUENTAS', 115),
(583, 'EVALUACIÓN Y CALIFICACIÓN DEL GRADO DE SOLVEN', 115),
(584, 'ASESORÍAS EN LA GESTIÓN DE LA COMPRA O VENTA ', 115),
(585, 'DISENADORES DE VESTUARIO', 115),
(586, 'DISENADORES DE INTERIORES', 115),
(587, 'OTROS DISENADORES N.C.P.', 115),
(588, 'EMPRESAS DE TAQUIGRAFÍA, REPRODUCCIÓN, DESPAC', 115),
(589, 'SERVICIOS PERSONALES DE TRADUCCIÓN, INTERPRET', 115),
(590, 'EMPRESAS DE TRADUCCIÓN E INTERPRETACIÓN', 115),
(591, 'SERVICIOS DE FOTOCOPIAS', 115),
(592, 'AGENCIAS DE CONTRATACIÓN DE ACTORES', 115),
(593, 'ACTIVIDADES DE SUBASTA (MARTILLEROS)', 115),
(594, 'GALERÍAS DE ARTE', 115),
(595, 'FERIAS DE EXPOSICIONES CON FINES EMPRESARIALE', 115),
(596, 'SERVICIOS DE CONTESTACIÓN DE LLAMADAS (CALL C', 115),
(597, 'OTRAS ACTIVIDADES EMPRESARIALES N.C.P.', 115),
(598, 'GOBIERNO CENTRAL', 116),
(599, 'MUNICIPALIDADES', 116),
(600, 'ACTIVIDADES DEL PODER JUDICIAL', 116),
(601, 'ACTIVIDADES DEL PODER LEGISLATIVO', 116),
(602, 'RELACIONES EXTERIORES', 116),
(603, 'ACTIVIDADES DE DEFENSA', 116),
(604, 'ACTIVIDADES DE MANTENIMIENTO DEL ORDEN PÚBLIC', 116),
(605, 'ACTIVIDADES DE PLANES DE SEGURIDAD SOCIAL DE ', 117),
(606, 'CAJAS DE COMPENSACIÓN', 117),
(607, 'OTRAS ACTIVIDADES DE PLANES DE SEGURIDAD SOCI', 117),
(608, 'ESTABLECIMIENTOS DE ENSEÑANZA PREESCOLAR', 118),
(609, 'ESTABLECIMIENTOS DE ENSEÑANZA PRIMARIA', 118),
(610, 'ESTABLECIMIENTOS DE ENSEÑANZA SECUNDARIA DE F', 118),
(611, 'ESTABLECIMIENTOS DE ENSEÑANZA SECUNDARIA DE F', 118),
(612, 'UNIVERSIDADES', 118),
(613, 'INSTITUTOS PROFESIONALES', 118),
(614, 'CENTROS DE FORMACIÓN TÉCNICA', 118),
(615, 'ESTABLECIMIENTOS DE ENSEÑANZA PRIMARIA Y SECU', 118),
(616, 'ESTABLECIMIENTOS DE ENSEÑANZA PREUNIVERSITARI', 118),
(617, 'EDUCACIÓN EXTRAESCOLAR (ESCUELA DE CONDUCCIÓN', 118),
(618, 'EDUCACIÓN A DISTANCIA (INTERNET, CORRESPONDEN', 118),
(619, 'SERVICIOS PERSONALES DE EDUCACIÓN', 118),
(620, 'HOSPITALES Y CLÍNICAS', 119),
(621, 'CLÍNICAS PSIQUIATRICAS, CENTROS DE REHABILITA', 119),
(622, 'SERVICIOS DE MÉDICOS EN FORMA INDEPENDIENTE', 119),
(623, 'ESTABLECIMIENTOS MÉDICOS DE ATENCIÓN AMBULATO', 119),
(624, 'SERVICIOS DE ODONTÓLOGOS EN FORMA INDEPENDIEN', 119),
(625, 'CENTROS DE ATENCIÓN ODONTOLÓGICA', 119),
(626, 'LABORATORIOS CLÍNICOS; INCLUYE BANCOS DE SANG', 119),
(627, 'OTROS PROFESIONALES DE LA SALUD', 119),
(628, 'OTRAS ACTIVIDADES EMPRESARIALES RELACIONADAS ', 119),
(629, 'ACTIVIDADES DE CLÍNICAS VETERINARIAS', 120),
(630, 'SERVICIOS DE MÉDICOS VETERINARIOS EN FORMA IN', 120),
(631, 'SERVICIOS DE OTROS PROFESIONALES INDEPENDIENT', 120),
(632, 'SERVICIOS SOCIALES CON ALOJAMIENTO', 121),
(633, 'SERVICIOS SOCIALES SIN ALOJAMIENTO', 121),
(634, 'SERVICIOS DE VERTEDEROS', 122),
(635, 'BARRIDO DE EXTERIORES', 122),
(636, 'RECOGIDA Y ELIMINACIÓN DE DESECHOS', 122),
(637, 'SERVICIOS DE EVACUACIÓN DE RILES Y AGUAS SERV', 122),
(638, 'SERVICIOS DE TRATAMIENTO DE RILES Y AGUAS SER', 122),
(639, 'OTRAS ACTIVIDADES DE MANEJO DE DESPERDICIOS', 122),
(640, 'ACTIVIDADES DE ORGANIZACIONES EMPRESARIALES Y', 123),
(641, 'COLEGIOS PROFESIONALES', 123),
(642, 'ACTIVIDADES DE OTRAS ORGANIZACIONES PROFESION', 123),
(643, 'ACTIVIDADES DE SINDICATOS', 124),
(644, 'ACTIVIDADES DE ORGANIZACIONES RELIGIOSAS', 124),
(645, 'ACTIVIDADES DE ORGANIZACIONES POLÍTICAS', 124),
(646, 'CENTROS DE MADRES Y UNIDADES VECINALES Y COMU', 124),
(647, 'CLUBES SOCIALES', 124),
(648, 'SERVICIOS DE INSTITUTOS DE ESTUDIOS, FUNDACIO', 124),
(649, 'ACTIVIDADES DE OTRAS ASOCIACIONES N.C.P.', 124),
(650, 'PRODUCCIÓN DE PELÍCULAS CINEMATOGRÁFICAS', 125),
(651, 'DISTRIBUIDORA CINEMATOGRÁFICAS', 125),
(652, 'EXHIBICIÓN DE FILMES Y VIDEOCINTAS', 125),
(653, 'ACTIVIDADES DE TELEVISIÓN', 125),
(654, 'ACTIVIDADES DE RADIO', 125),
(655, 'SERVICIOS DE PRODUCCIÓN DE RECITALES Y OTROS ', 125),
(656, 'SERVICIOS DE PRODUCCIÓN TEATRAL Y OTROS N.C.P', 125),
(657, 'ACTIVIDADES EMPRESARIALES DE ARTISTAS', 125),
(658, 'ACTIVIDADES ARTÍSTICAS; FUNCIONES DE ARTISTAS', 125),
(659, 'AGENCIAS DE VENTA DE BILLETES DE TEATRO, SALA', 125),
(660, 'INSTRUCTORES DE DANZA', 125),
(661, 'ACTIVIDADES DE DISCOTECAS, CABARET, SALAS DE ', 125),
(662, 'ACTIVIDADES DE PARQUES DE ATRACCIONES Y CENTR', 125),
(663, 'ESPECTÁCULOS CIRCENSES, DE TÍTERES U OTROS SI', 125),
(664, 'OTRAS ACTIVIDADES DE ENTRETENIMIENTO N.C.P.', 125),
(665, 'AGENCIAS DE NOTICIAS', 126),
(666, 'SERVICIOS PERIODÍSTICOS PRESTADO POR PROFESIO', 126),
(667, 'ACTIVIDADES DE BIBLIOTECAS Y ARCHIVOS', 127),
(668, 'ACTIVIDADES DE MUSEOS Y PRESERVACIÓN DE LUGAR', 127),
(669, 'ACTIVIDADES DE JARDINES BOTÁNICOS Y ZOOLÓGICO', 127),
(670, 'EXPLOTACIÓN DE INSTALACIONES ESPECIALIZADAS P', 128),
(671, 'ACTIVIDADES DE CLUBES DE DEPORTES Y ESTADIOS', 128),
(672, 'FUTBOL PROFESIONAL', 128),
(673, 'FUTBOL AMATEUR', 128),
(674, 'HIPÓDROMOS', 128),
(675, 'PROMOCIÓN Y ORGANIZACIÓN DE ESPECTÁCULOS DEPO', 128),
(676, 'ESCUELAS PARA DEPORTES', 128),
(677, 'OTRAS ACTIVIDADES RELACIONADAS AL DEPORTE N.C', 128),
(678, 'SISTEMAS DE JUEGOS DE AZAR MASIVOS.', 128),
(679, 'ACTIVIDADES DE CASINO DE JUEGOS', 128),
(680, 'SALAS DE BILLAR, BOWLING, POOL Y JUEGOS ELECT', 128),
(681, 'CONTRATACIÓN DE ACTORES PARA CINE, TV, Y TEAT', 128),
(682, 'OTROS SERVICIOS DE DIVERSIÓN Y ESPARCIMIENTOS', 128),
(683, 'LAVADO Y LIMPIEZA DE PRENDAS DE TELA Y DE PIE', 129),
(684, 'PELUQUERÍAS Y SALONES DE BELLEZA', 129),
(685, 'SERVICIOS FUNERARIOS', 129),
(686, 'SERVICIOS EN CEMENTERIOS', 129),
(687, 'SERVICIOS DE CARROZAS FÚNEBRES (TRANSPORTE DE', 129),
(688, 'OTRAS ACTIVIDADES DE SERVICIOS FUNERARIOS Y O', 129),
(689, 'ACTIVIDADES DE MANTENIMIENTO FÍSICO CORPORAL ', 129),
(690, 'OTRAS ACTIVIDADES DE SERVICIOS PERSONALES N.C', 129),
(691, 'HOGARES PRIVADOS INDIVIDUALES CON SERVICIO DO', 130),
(692, 'CONSEJO DE ADMINISTRACIÓN DE EDIFICIOS Y COND', 130),
(693, 'ORGANIZACIONES Y ÓRGANOS EXTRATERRITORIALES', 131);

-- --------------------------------------------------------

--
-- Estructura de tabla para la tabla `arm_arriendo_maquinaria`
--

CREATE TABLE `arm_arriendo_maquinaria` (
  `ARM_ID` int(10) UNSIGNED NOT NULL,
  `ARM_DESCRIPCION` text COLLATE utf8mb4_unicode_ci NOT NULL,
  `ARM_TP_VEHICULO` varchar(45) COLLATE utf8mb4_unicode_ci NOT NULL,
  `ARM_MARCA` varchar(45) COLLATE utf8mb4_unicode_ci NOT NULL,
  `ARM_ANHO` int(11) NOT NULL,
  `ARM_SEGUROS_ASOCIADOS` varchar(45) COLLATE utf8mb4_unicode_ci NOT NULL,
  `ARM_OPERARIO` varchar(45) COLLATE utf8mb4_unicode_ci NOT NULL,
  `ARM_LICENCIAS_CONDUCIR` varchar(45) COLLATE utf8mb4_unicode_ci NOT NULL,
  `ARM_CURSOS` text COLLATE utf8mb4_unicode_ci NOT NULL,
  `ARM_DIAS_LABORALES` varchar(45) COLLATE utf8mb4_unicode_ci NOT NULL,
  `ARM_HOR_INI` time NOT NULL,
  `ARM_HOR_FIN` time NOT NULL,
  `ARM_COB_SERVICIO` varchar(45) COLLATE utf8mb4_unicode_ci NOT NULL,
  `ARM_RAZON_COBRO` varchar(45) COLLATE utf8mb4_unicode_ci NOT NULL,
  `ARM_VALOR` int(11) NOT NULL,
  `ARM_CALIFICACION` varchar(45) COLLATE utf8mb4_unicode_ci DEFAULT NULL,
  `ARM_COMENTARIO` text COLLATE utf8mb4_unicode_ci,
  `ARM_PRO_RUN` varchar(10) COLLATE utf8mb4_unicode_ci NOT NULL,
  `ARM_ESTA_ID` int(10) UNSIGNED NOT NULL,
  `ARM_ESTP_ID` int(10) UNSIGNED NOT NULL,
  `ARM_OR_COD` int(10) UNSIGNED NOT NULL
) ENGINE=InnoDB DEFAULT CHARSET=utf8mb4 COLLATE=utf8mb4_unicode_ci;

-- --------------------------------------------------------

--
-- Estructura de tabla para la tabla `bco_banco`
--

CREATE TABLE `bco_banco` (
  `BCO_ID` int(10) UNSIGNED NOT NULL,
  `BCO_DESC` varchar(45) COLLATE utf8mb4_unicode_ci NOT NULL
) ENGINE=InnoDB DEFAULT CHARSET=utf8mb4 COLLATE=utf8mb4_unicode_ci;

--
-- Volcado de datos para la tabla `bco_banco`
--

INSERT INTO `bco_banco` (`BCO_ID`, `BCO_DESC`) VALUES
(1, 'BANCO DE CHILE'),
(2, 'BANCO INTERNACIONAL'),
(3, 'SCOTIABANK CHILE'),
(4, 'BANCO DE CREDITO E INVERSIONES'),
(5, 'BANCO BICE'),
(6, 'HSBC BANK'),
(7, 'BANCO SANTANDER-CHILE'),
(8, 'ITAÚ CORPBANCA'),
(9, 'BANCO SECURITY'),
(10, 'BANCO FALABELLA'),
(11, 'BANCO RIPLEY'),
(12, 'RABOBANK CHILE'),
(13, 'BANCO CONSORCIO'),
(14, 'BANCO PENTA'),
(15, 'BANCO BBVA'),
(16, 'BANCO BTG PACTUAL CHILE'),
(17, 'BANCO DEL ESTADO DE CHILE');

-- --------------------------------------------------------

--
-- Estructura de tabla para la tabla `car_cargo`
--

CREATE TABLE `car_cargo` (
  `CAR_ID` int(10) UNSIGNED NOT NULL,
  `CAR_DESC` varchar(45) COLLATE utf8mb4_unicode_ci NOT NULL,
  `CAR_NIVEL` varchar(45) COLLATE utf8mb4_unicode_ci NOT NULL
) ENGINE=InnoDB DEFAULT CHARSET=utf8mb4 COLLATE=utf8mb4_unicode_ci;

--
-- Volcado de datos para la tabla `car_cargo`
--

INSERT INTO `car_cargo` (`CAR_ID`, `CAR_DESC`, `CAR_NIVEL`) VALUES
(1, 'DIRECTOR GENERAL', '1-DIRECTORIO'),
(2, 'DIRECTOR DE TURISMO Y VIAJES', '1-DIRECTORIO'),
(3, 'DIRECTOR TRENER', '1-DIRECTORIO'),
(4, 'GERENTE ADMINISTRATIVO', '2-GERENCIA'),
(5, 'EJECUTIVO COMERCIAL', '3-ADMINISTRACION'),
(6, 'SOCIO ASESOR PROFESIONAL', '3-ADMINISTRACION'),
(7, 'DIRECTOR CREATIVO', '3-ADMINISTRACION'),
(8, 'ASISTENTE ADMINISTRATIVO', '3-ADMINISTRACION'),
(9, 'CONTADOR AUDITOR', '3-ADMINISTRACION'),
(10, 'INFORMATICO', '3-ADMINISTRACION'),
(11, 'DIRECTOR GENERAL', '1-DIRECTORIO'),
(12, 'EJECUTIVO COMERCIAL Y VENTAS', '3-ADMINISTRACION'),
(13, 'SUPERVISOR ADMINISTRATIVO COMERCIAL', '3-ADMINISTRACION'),
(14, 'COORDINADOR OPERATIVO', '3-ADMINISTRACION'),
(15, 'PUBLICISTA', '4-OPERACIONES'),
(16, 'RELACIONADOR COMERCIAL', '4-OPERACIONES'),
(17, 'EJECUTIVO DE CUENTA', '4-OPERACIONES'),
(18, 'DIRECTOR PROYECTO', '4-OPERACIONES'),
(19, 'AYUDANTE', '4-OPERACIONES'),
(20, 'ENCARGADO DE PRODUCCION', '4-OPERACIONES'),
(21, 'OPERATIVO TECNICO', '4-OPERACIONES'),
(22, 'EJECUTIVO ADMINISTRATIVO', '4-OPERACIONES'),
(23, 'RELACIONADOR COMERCIAL', '4-OPERACIONES'),
(24, 'AGENTE PROMOCIONAL', '4-OPERACIONES'),
(25, 'RECEPCIONISTA/RELACIONADOR COMERCIAL', '4-OPERACIONES'),
(26, 'MUCAMA', '4-OPERACIONES'),
(27, 'CONDUCTOR DE VEHICULO', '4-OPERACIONES'),
(28, 'GUIA TURISTICO', '4-OPERACIONES'),
(29, 'AGENTE DE VIAJE', '4-OPERACIONES'),
(30, 'INGENIERO DE PROYECTOS', '4-OPERACIONES'),
(31, 'ASISTENTE ADMINISTRATIVO', '4-OPERACIONES'),
(32, 'TECNICO MANTENCION', '4-OPERACIONES'),
(33, 'AUXILIAR TECNICO', '4-OPERACIONES'),
(34, 'CAPATAZ', '4-OPERACIONES'),
(35, 'OBRERO', '4-OPERACIONES'),
(36, 'PROVEEDOR', '5-PROVEEDOR'),
(37, 'PROVEEDOR NO EVALUADO', '5-PROVEEDOR');

-- --------------------------------------------------------

--
-- Estructura de tabla para la tabla `cau_causa`
--

CREATE TABLE `cau_causa` (
  `CAU_ID` int(10) UNSIGNED NOT NULL,
  `CAU_DESC` varchar(45) COLLATE utf8mb4_unicode_ci NOT NULL
) ENGINE=InnoDB DEFAULT CHARSET=utf8mb4 COLLATE=utf8mb4_unicode_ci;

--
-- Volcado de datos para la tabla `cau_causa`
--

INSERT INTO `cau_causa` (`CAU_ID`, `CAU_DESC`) VALUES
(1, 'ORDEN DE TRABAJO'),
(2, 'NOMINA'),
(3, 'PROVEEDORES'),
(4, 'RETIROS'),
(5, 'IMPOSICIONES'),
(6, 'PRESTAMOS'),
(7, 'COMPRAS'),
(8, 'VENTA ACTIVOS'),
(9, 'APORTE CAPITAL');

-- --------------------------------------------------------

--
-- Estructura de tabla para la tabla `cb_cartorla_bancaria`
--

CREATE TABLE `cb_cartorla_bancaria` (
  `CB_ID` int(10) UNSIGNED NOT NULL,
  `CB_FECHA` date NOT NULL,
  `CB_DESC` text COLLATE utf8mb4_unicode_ci NOT NULL,
  `CB_MONTO` int(11) NOT NULL,
  `CB_TMOV_ID` int(10) UNSIGNED NOT NULL,
  `CB_CTAEEMPRESA_CTAE_ID` int(10) UNSIGNED NOT NULL,
  `CB_CAUSA_ID` int(10) UNSIGNED NOT NULL
) ENGINE=InnoDB DEFAULT CHARSET=utf8mb4 COLLATE=utf8mb4_unicode_ci;

-- --------------------------------------------------------

--
-- Estructura de tabla para la tabla `ccontacto`
--

CREATE TABLE `ccontacto` (
  `ID_CONT` int(10) UNSIGNED NOT NULL,
  `CONT_CLI_ID` int(11) NOT NULL,
  `CONT_NOM` varchar(45) COLLATE utf8mb4_unicode_ci NOT NULL,
  `CONT_CEL` int(11) NOT NULL,
  `CONT_EMAIL` varchar(20) COLLATE utf8mb4_unicode_ci NOT NULL,
  `CONT_EMAIL_EMP` varchar(20) COLLATE utf8mb4_unicode_ci NOT NULL,
  `CONT_EMP` int(11) DEFAULT NULL,
  `CONT_SUCURSAL` varchar(20) COLLATE utf8mb4_unicode_ci NOT NULL,
  `updated_at` timestamp NOT NULL DEFAULT CURRENT_TIMESTAMP ON UPDATE CURRENT_TIMESTAMP,
  `created_at` timestamp NOT NULL DEFAULT '0000-00-00 00:00:00'
) ENGINE=InnoDB DEFAULT CHARSET=utf8mb4 COLLATE=utf8mb4_unicode_ci;

--
-- Volcado de datos para la tabla `ccontacto`
--

INSERT INTO `ccontacto` (`ID_CONT`, `CONT_CLI_ID`, `CONT_NOM`, `CONT_CEL`, `CONT_EMAIL`, `CONT_EMAIL_EMP`, `CONT_EMP`, `CONT_SUCURSAL`, `updated_at`, `created_at`) VALUES
(1, 0, 'FELIPE', 12312312, 'felipe@test.cl', 'felipe@empresa.cl', NULL, 'temuco', '2018-02-14 16:01:46', '2018-02-14 16:01:46');

-- --------------------------------------------------------

--
-- Estructura de tabla para la tabla `ciu_ciudad`
--

CREATE TABLE `ciu_ciudad` (
  `CIU_COD` int(10) UNSIGNED NOT NULL,
  `CIU_DESC` varchar(45) COLLATE utf8mb4_unicode_ci NOT NULL,
  `CIU_PV_COD` int(10) UNSIGNED NOT NULL
) ENGINE=InnoDB DEFAULT CHARSET=utf8mb4 COLLATE=utf8mb4_unicode_ci;

--
-- Volcado de datos para la tabla `ciu_ciudad`
--

INSERT INTO `ciu_ciudad` (`CIU_COD`, `CIU_DESC`, `CIU_PV_COD`) VALUES
(1, 'Iquique', 3),
(2, 'Alto Hospicio', 3),
(3, 'Pozo Almonte', 4),
(4, 'Camiña', 4),
(5, 'Colchane', 4),
(6, 'Huara', 4),
(7, 'Pica', 4),
(8, 'Antofagasta', 5),
(9, 'Mejillones', 5),
(10, 'Sierra Gorda', 5),
(11, 'Taltal', 5),
(12, 'Calama', 6),
(13, 'Ollagüe', 6),
(14, 'San Pedro de Atacama', 6),
(15, 'Tocopilla', 7),
(16, 'María Elena', 7),
(17, 'Copiapó', 8),
(18, 'Caldera', 8),
(19, 'Tierra Amarilla', 8),
(20, 'Chañaral', 9),
(21, 'Diego de Almagro', 9),
(22, 'Vallenar', 10),
(23, 'Alto del Carmen', 10),
(24, 'Freirina', 10),
(25, 'Huasco', 10),
(26, 'La Serena', 11),
(27, 'Coquimbo', 11),
(28, 'Andacollo', 11),
(29, 'La Higuera', 11),
(30, 'Paihuano', 11),
(31, 'Vicuña', 11),
(32, 'Illapel', 12),
(33, 'Canela', 12),
(34, 'Los Vilos', 12),
(35, 'Salamanca', 12),
(36, 'Ovalle', 13),
(37, 'Combarbalá', 13),
(38, 'Monte Patria', 13),
(39, 'Punitaqui', 13),
(40, 'Río Hurtado', 13),
(41, 'Valparaíso', 14),
(42, 'Casablanca', 14),
(43, 'Concón', 14),
(44, 'Juan Fernández', 14),
(45, 'Puchuncaví', 14),
(46, 'Quintero', 14),
(47, 'Viña del Mar', 14),
(48, 'Isla de Pascua', 15),
(49, 'Los Andes', 16),
(50, 'Calle Larga', 16),
(51, 'Rinconada', 16),
(52, 'San Esteban', 16),
(53, 'La Ligua', 17),
(54, 'Cabildo', 17),
(55, 'Papudo', 17),
(56, 'Petorca', 17),
(57, 'Zapallar', 17),
(58, 'Quillota', 18),
(59, 'La Calera', 18),
(60, 'Hijuelas', 18),
(61, 'La Cruz', 18),
(62, 'Nogales', 18),
(63, 'San Antonio', 19),
(64, 'Algarrobo', 19),
(65, 'Cartagena', 19),
(66, 'El Quisco', 19),
(67, 'El Tabo', 19),
(68, 'Santo Domingo', 19),
(69, 'San Felipe', 20),
(70, 'Catemu', 20),
(71, 'Llay Llay', 20),
(72, 'Panquehue', 20),
(73, 'Putaendo', 20),
(74, 'Santa María', 20),
(75, 'Quilpué', 21),
(76, 'Limache', 21),
(77, 'Olmué', 21),
(78, 'Villa Alemana', 21),
(79, 'Rancagua', 22),
(80, 'Codegua', 22),
(81, 'Coinco', 22),
(82, 'Coltauco', 22),
(83, 'Doñihue', 22),
(84, 'Graneros', 22),
(85, 'Las Cabras', 22),
(86, 'Machalí', 22),
(87, 'Malloa', 22),
(88, 'Mostazal', 22),
(89, 'Olivar', 22),
(90, 'Peumo', 22),
(91, 'Pichidegua', 22),
(92, 'Quinta de Tilcoco', 22),
(93, 'Rengo', 22),
(94, 'Requínoa', 22),
(95, 'San Vicente', 22),
(96, 'Pichilemu', 23),
(97, 'La Estrella', 23),
(98, 'Litueche', 23),
(99, 'Marchihue', 23),
(100, 'Navidad', 23),
(101, 'Paredones', 23),
(102, 'San Fernando', 24),
(103, 'Chépica', 24),
(104, 'Chimbarongo', 24),
(105, 'Lolol', 24),
(106, 'Nancagua', 24),
(107, 'Palmilla', 24),
(108, 'Peralillo', 24),
(109, 'Placilla', 24),
(110, 'Pumanque', 24),
(111, 'Santa Cruz', 24),
(112, 'Talca', 25),
(113, 'Constitución', 25),
(114, 'Curepto', 25),
(115, 'Empedrado', 25),
(116, 'Maule', 25),
(117, 'Pelarco', 25),
(118, 'Pencahue', 25),
(119, 'Río Claro', 25),
(120, 'San Clemente', 25),
(121, 'San Rafael', 25),
(122, 'Cauquenes', 26),
(123, 'Chanco', 26),
(124, 'Pelluhue', 26),
(125, 'Curicó', 27),
(126, 'Hualañé', 27),
(127, 'Licantén', 27),
(128, 'Molina', 27),
(129, 'Rauco', 27),
(130, 'Romeral', 27),
(131, 'Sagrada Familia', 27),
(132, 'Teno', 27),
(133, 'Vichuquén', 27),
(134, 'Linares', 28),
(135, 'Colbún', 28),
(136, 'Longaví', 28),
(137, 'Parral', 28),
(138, 'Retiro', 28),
(139, 'San Javier', 28),
(140, 'Villa Alegre', 28),
(141, 'Yerbas Buenas', 28),
(142, 'Concepción', 29),
(143, 'Coronel', 29),
(144, 'Chiguayante', 29),
(145, 'Florida', 29),
(146, 'Hualqui', 29),
(147, 'Lota', 29),
(148, 'Penco', 29),
(149, 'San Pedro de la Paz', 29),
(150, 'Santa Juana', 29),
(151, 'Talcahuano', 29),
(152, 'Tomé', 29),
(153, 'Hualpén', 29),
(154, 'Lebu', 30),
(155, 'Arauco', 30),
(156, 'Cañete', 30),
(157, 'Contulmo', 30),
(158, 'Curanilahue', 30),
(159, 'Los Álamos', 30),
(160, 'Tirúa', 30),
(161, 'Los Ángeles', 31),
(162, 'Antuco', 31),
(163, 'Cabrero', 31),
(164, 'Laja', 31),
(165, 'Mulchén', 31),
(166, 'Nacimiento', 31),
(167, 'Negrete', 31),
(168, 'Quilaco', 31),
(169, 'Quilleco', 31),
(170, 'San Rosendo', 31),
(171, 'Santa Bárbara', 31),
(172, 'Tucapel', 31),
(173, 'Yumbel', 31),
(174, 'Alto Biobío', 31),
(175, 'Chillán', 32),
(176, 'Bulnes', 32),
(177, 'Cobquecura', 32),
(178, 'Coelemu', 32),
(179, 'Coihueco', 32),
(180, 'Chillán Viejo', 32),
(181, 'El Carmen', 32),
(182, 'Ninhue', 32),
(183, 'Ñiquén', 32),
(184, 'Pemuco', 32),
(185, 'Pinto', 32),
(186, 'Portezuelo', 32),
(187, 'Quillón', 32),
(188, 'Quirihue', 32),
(189, 'Ránquil', 32),
(190, 'San Carlos', 32),
(191, 'San Fabián', 32),
(192, 'San Ignacio', 32),
(193, 'San Nicolás', 32),
(194, 'Treguaco', 32),
(195, 'Yungay', 32),
(196, 'Temuco', 33),
(197, 'Carahue', 33),
(198, 'Cunco', 33),
(199, 'Curarrehue', 33),
(200, 'Freire', 33),
(201, 'Galvarino', 33),
(202, 'Gorbea', 33),
(203, 'Lautaro', 33),
(204, 'Loncoche', 33),
(205, 'Melipeuco', 33),
(206, 'Nueva Imperial', 33),
(207, 'Padre las Casas', 33),
(208, 'Perquenco', 33),
(209, 'Pitrufquén', 33),
(210, 'Pucón', 33),
(211, 'Saavedra', 33),
(212, 'Teodoro Schmidt', 33),
(213, 'Toltén', 33),
(214, 'Vilcún', 33),
(215, 'Villarrica', 33),
(216, 'Cholchol', 33),
(217, 'Angol', 34),
(218, 'Collipulli', 34),
(219, 'Curacautín', 34),
(220, 'Ercilla', 34),
(221, 'Lonquimay', 34),
(222, 'Los Sauces', 34),
(223, 'Lumaco', 34),
(224, 'Purén', 34),
(225, 'Renaico', 34),
(226, 'Traiguén', 34),
(227, 'Victoria', 34),
(228, 'Puerto Montt', 37),
(229, 'Calbuco', 37),
(230, 'Cochamó', 37),
(231, 'Fresia', 37),
(232, 'Frutillar', 37),
(233, 'Los Muermos', 37),
(234, 'Llanquihue', 37),
(235, 'Maullín', 37),
(236, 'Puerto Varas', 37),
(237, 'Castro', 38),
(238, 'Ancud', 38),
(239, 'Chonchi', 38),
(240, 'Curaco de Vélez', 38),
(241, 'Dalcahue', 38),
(242, 'Puqueldón', 38),
(243, 'Queilén', 38),
(244, 'Quellón', 38),
(245, 'Quemchi', 38),
(246, 'Quinchao', 38),
(247, 'Osorno', 39),
(248, 'Puerto Octay', 39),
(249, 'Purranque', 39),
(250, 'Puyehue', 39),
(251, 'Río Negro', 39),
(252, 'San Juan de la Costa', 39),
(253, 'San Pablo', 39),
(254, 'Chaitén', 40),
(255, 'Futaleufú', 40),
(256, 'Hualaihué', 40),
(257, 'Palena', 40),
(258, 'Coyhaique', 41),
(259, 'Lago Verde', 41),
(260, 'Aysén', 42),
(261, 'Cisnes', 42),
(262, 'Guaitecas', 42),
(263, 'Cochrane', 43),
(264, 'O´Higgins', 43),
(265, 'Tortel', 43),
(266, 'Chile Chico', 44),
(267, 'Río Ibáñez', 44),
(268, 'Punta Arenas', 45),
(269, 'Laguna Blanca', 45),
(270, 'Río Verde', 45),
(271, 'San Gregorio', 45),
(272, 'Cabo de Hornos', 46),
(273, 'Antártica', 46),
(274, 'Porvenir', 47),
(275, 'Primavera', 47),
(276, 'Timaukel', 47),
(277, 'Natales', 48),
(278, 'Torres del Paine', 48),
(279, 'Santiago', 49),
(280, 'Cerrillos', 49),
(281, 'Cerro Navia', 49),
(282, 'Conchalí', 49),
(283, 'El Bosque', 49),
(284, 'Estación Central', 49),
(285, 'Huechuraba', 49),
(286, 'Independencia', 49),
(287, 'La Cisterna', 49),
(288, 'La Florida', 49),
(289, 'La Granja', 49),
(290, 'La Pintana', 49),
(291, 'La Reina', 49),
(292, 'Las Condes', 49),
(293, 'Lo Barnechea', 49),
(294, 'Lo Espejo', 49),
(295, 'Lo Prado', 49),
(296, 'Macul', 49),
(297, 'Maipú', 49),
(298, 'Ñuñoa', 49),
(299, 'Pedro Aguirre Cerda', 49),
(300, 'Peñalolén', 49),
(301, 'Providencia', 49),
(302, 'Pudahuel', 49),
(303, 'Quilicura', 49),
(304, 'Quinta Normal', 49),
(305, 'Recoleta', 49),
(306, 'Renca', 49),
(307, 'San Joaquín', 49),
(308, 'San Miguel', 49),
(309, 'San Ramón', 49),
(310, 'Vitacura', 49),
(311, 'Puente Alto', 50),
(312, 'Pirque', 50),
(313, 'San José de Maipo', 50),
(314, 'Colina', 51),
(315, 'Lampa', 51),
(316, 'Tiltil', 51),
(317, 'San Bernardo', 52),
(318, 'Buin', 52),
(319, 'Calera de Tango', 52),
(320, 'Paine', 52),
(321, 'Melipilla', 53),
(322, 'Alhué', 53),
(323, 'Curacaví', 53),
(324, 'María Pinto', 53),
(325, 'San Pedro', 53),
(326, 'Talagante', 54),
(327, 'El Monte', 54),
(328, 'Isla de Maipo', 54),
(329, 'Padre Hurtado', 54),
(330, 'Peñaflor', 54),
(331, 'Valdivia', 35),
(332, 'Corral', 35),
(333, 'Lanco', 35),
(334, 'Los Lagos', 35),
(335, 'Máfil', 35),
(336, 'Mariquina', 35),
(337, 'Paillaco', 35),
(338, 'Panguipulli', 35),
(339, 'La Unión', 36),
(340, 'Futrono', 36),
(341, 'Lago Ranco', 36),
(342, 'Río Bueno', 36),
(343, 'Arica', 1),
(344, 'Camarones', 1),
(345, 'Putre', 2),
(346, 'General Lagos', 2);

-- --------------------------------------------------------

--
-- Estructura de tabla para la tabla `cli_cliente`
--

CREATE TABLE `cli_cliente` (
  `CLI_RUT` varchar(10) COLLATE utf8mb4_unicode_ci NOT NULL,
  `CLI_FONO` varchar(45) COLLATE utf8mb4_unicode_ci NOT NULL,
  `CLI_EMAIL` varchar(100) COLLATE utf8mb4_unicode_ci NOT NULL,
  `CLI_NOMBRE` varchar(90) COLLATE utf8mb4_unicode_ci NOT NULL,
  `CLI_CONTACTO` varchar(90) COLLATE utf8mb4_unicode_ci NOT NULL,
  `CLI_ACT_COMERCIAL` varchar(45) COLLATE utf8mb4_unicode_ci NOT NULL,
  `CLI_DIRECCION` text COLLATE utf8mb4_unicode_ci NOT NULL,
  `CLI_TCTA_BCO` int(10) UNSIGNED DEFAULT NULL,
  `CLI_SITIO_WEB` varchar(45) COLLATE utf8mb4_unicode_ci DEFAULT NULL,
  `CLI_GLOSA` varchar(45) COLLATE utf8mb4_unicode_ci DEFAULT NULL,
  `CLI_RUBRO` int(10) UNSIGNED DEFAULT NULL,
  `CLI_SUB_RUBRO` int(10) UNSIGNED DEFAULT NULL,
  `CLI_ACTIVIDAD` int(10) UNSIGNED DEFAULT NULL,
  `CLI_BANCO` int(10) UNSIGNED DEFAULT NULL,
  `CLI_NRO_CTA` varchar(45) COLLATE utf8mb4_unicode_ci DEFAULT NULL,
  `CLI_ORIGEN` varchar(45) COLLATE utf8mb4_unicode_ci DEFAULT NULL,
  `CLI_PAIS` int(10) UNSIGNED DEFAULT NULL,
  `CLI_REGION` int(10) UNSIGNED DEFAULT NULL,
  `CLI_PROVINCIA` int(10) UNSIGNED DEFAULT NULL,
  `CLI_CIUDAD` int(10) UNSIGNED DEFAULT NULL
) ENGINE=InnoDB DEFAULT CHARSET=utf8mb4 COLLATE=utf8mb4_unicode_ci;

--
-- Volcado de datos para la tabla `cli_cliente`
--

INSERT INTO `cli_cliente` (`CLI_RUT`, `CLI_FONO`, `CLI_EMAIL`, `CLI_NOMBRE`, `CLI_CONTACTO`, `CLI_ACT_COMERCIAL`, `CLI_DIRECCION`, `CLI_TCTA_BCO`, `CLI_SITIO_WEB`, `CLI_GLOSA`, `CLI_RUBRO`, `CLI_SUB_RUBRO`, `CLI_ACTIVIDAD`, `CLI_BANCO`, `CLI_NRO_CTA`, `CLI_ORIGEN`, `CLI_PAIS`, `CLI_REGION`, `CLI_PROVINCIA`, `CLI_CIUDAD`) VALUES
('10043094', '949-621-8298', 'hswift@schmidt.info', 'Ephraim', '952.465.6222', 'Electrical Sales Representative', '4769 Bonnie Coves\nWest Goldaton, MA 62193-9192', 1, 'email_test@gmail.com', 'glosa test', 10, 88, 99, 12, '11219918', 'ORIGEN TEST', 2, 6, 38, 208),
('10091065', '(397) 806-7207 x2255', 'sophie.friesen@boehm.org', 'Litzy', '1-350-878-1038', 'Safety Engineer', '47913 Zachary Prairie\nMalvinaview, ND 67127', 1, 'email_test@gmail.com', 'glosa test', 6, 17, 675, 4, '14538475', 'ORIGEN TEST', 1, 7, 17, 198),
('10130609', '564.692.3483', 'jocelyn.okuneva@feeney.info', 'Katelyn', '576-440-2301 x655', 'Well and Core Drill Operator', '97218 Christop Prairie Apt. 128\nPort Beryl, PA 11884-2460', 1, 'email_test@gmail.com', 'glosa test', 15, 25, 514, 16, '18637407', 'ORIGEN TEST', 2, 2, 48, 200),
('10179722', '792.309.7587 x6684', 'maggie.auer@yahoo.com', 'Imogene', '(679) 685-0742', 'Engineering Technician', '84915 Cummerata Mills Apt. 887\nEffertzberg, NM 06890', 2, 'email_test@gmail.com', 'glosa test', 6, 9, 236, 10, '11511590', 'ORIGEN TEST', 1, 9, 38, 280),
('10186706', '1-307-923-4864', 'myrtice13@wintheiser.com', 'Rossie', '1-319-455-9484', 'Welder and Cutter', '990 Bruen Glen Suite 349\nLake Denis, DE 72367', 1, 'email_test@gmail.com', 'glosa test', 11, 68, 10, 11, '14336673', 'ORIGEN TEST', 1, 7, 16, 44),
('10197114', '(291) 231-4187 x244', 'murray50@hotmail.com', 'Carmel', '+1-751-887-8369', 'Loan Officer', '501 Konopelski Bypass Suite 563\nNorth Angelitaland, IN 99807-2288', 1, 'email_test@gmail.com', 'glosa test', 17, 70, 277, 8, '14239199', 'ORIGEN TEST', 2, 9, 50, 44),
('10243869', '412.733.7975 x4001', 'hand.clay@yahoo.com', 'Ella', '745.537.6952', 'Armored Assault Vehicle Crew Member', '55494 Olaf Groves\nFadelburgh, TX 98949', 2, 'email_test@gmail.com', 'glosa test', 9, 71, 43, 3, '11555897', 'ORIGEN TEST', 1, 5, 21, 233),
('10262729', '845.655.9561 x422', 'melisa66@hotmail.com', 'Terrance', '+1 (750) 931-1958', 'Carpenter', '705 Ezequiel View Suite 171\nEast Harmon, MO 38038-9312', 2, 'email_test@gmail.com', 'glosa test', 14, 86, 208, 13, '15165769', 'ORIGEN TEST', 1, 13, 27, 333),
('10279903', '790.464.3790 x4574', 'mmccullough@lowe.net', 'Rosalinda', '308-973-0954', 'Cartographer', '32323 Martine Route\nEast Ivahside, ME 01362-3068', 2, 'email_test@gmail.com', 'glosa test', 1, 13, 301, 11, '14201941', 'ORIGEN TEST', 1, 5, 18, 70),
('10333492', '872.652.5524', 'margret.brakus@senger.com', 'Travis', '216-609-2566 x06441', 'Oil and gas Operator', '28595 Murphy Pass Suite 711\nNolaborough, WA 09316', 2, 'email_test@gmail.com', 'glosa test', 10, 114, 265, 4, '11048435', 'ORIGEN TEST', 2, 7, 2, 170),
('10469572', '1-820-584-3853', 'lgutmann@hotmail.com', 'Nicolette', '(521) 697-1880', 'Healthcare Support Worker', '4082 Reginald Canyon Apt. 074\nPort Lesterbury, MO 68605-8901', 2, 'email_test@gmail.com', 'glosa test', 2, 27, 583, 4, '17940509', 'ORIGEN TEST', 2, 15, 28, 281),
('10475749', '(771) 356-7537 x28149', 'tanya.littel@rowe.com', 'Adele', '473-733-1736', 'Dental Laboratory Technician', '766 Bosco Court\nZettafurt, NM 85950', 1, 'email_test@gmail.com', 'glosa test', 3, 84, 247, 16, '12341563', 'ORIGEN TEST', 2, 6, 25, 133),
('10576099', '+1-890-779-9185', 'leda85@oreilly.net', 'Oswald', '+1 (708) 750-6762', 'Library Science Teacher', '15177 Runolfsdottir Passage Suite 278\nAngelville, TX 10815-1572', 2, 'email_test@gmail.com', 'glosa test', 2, 131, 167, 5, '15255894', 'ORIGEN TEST', 1, 7, 2, 37),
('10625283', '+1-350-993-7243', 'jacynthe.hermiston@gusikowski.com', 'Carson', '427.769.2310', 'Ship Pilot', '6369 Regan Trail Apt. 776\nJennyferchester, IL 39650', 1, 'email_test@gmail.com', 'glosa test', 7, 101, 311, 14, '15932823', 'ORIGEN TEST', 2, 2, 8, 236),
('10671642', '(273) 915-9520 x77220', 'halie.erdman@gmail.com', 'Roxanne', '1-802-925-9780 x688', 'Brake Machine Setter', '818 Chelsey Tunnel\nNew Leta, WA 09373', 2, 'email_test@gmail.com', 'glosa test', 10, 17, 212, 2, '14187614', 'ORIGEN TEST', 2, 6, 49, 345),
('10907939', '356-774-9944', 'carolyn.cartwright@gmail.com', 'Aubrey', '1-419-457-3790 x5010', 'Aircraft Rigging Assembler', '42105 Johns Field Apt. 841\nWest Lennychester, MI 50532-2823', 1, 'email_test@gmail.com', 'glosa test', 18, 13, 165, 5, '18749098', 'ORIGEN TEST', 1, 15, 22, 209),
('10936732', '(481) 426-3897', 'macejkovic.norbert@williamson.com', 'Maximus', '+1 (416) 794-6265', 'GED Teacher', '35851 Morissette Village\nSmithamfurt, NV 19938-6213', 1, 'email_test@gmail.com', 'glosa test', 10, 128, 215, 7, '15509216', 'ORIGEN TEST', 1, 8, 45, 211),
('11314386', '(338) 351-8615 x288', 'ratke.dorothy@yahoo.com', 'Alfredo', '+1-261-248-3893', 'Environmental Compliance Inspector', '493 Max Stream Suite 645\nJacobsonland, IN 13719-9685', 1, 'email_test@gmail.com', 'glosa test', 9, 82, 641, 2, '11573865', 'ORIGEN TEST', 2, 15, 12, 45),
('11363551', '1-669-831-6472 x3828', 'ankunding.kaylah@hermann.com', 'Eduardo', '1-310-774-5028 x63547', 'Agricultural Crop Farm Manager', '7409 Windler Burgs Suite 091\nWest Kassandraville, WY 14409-7198', 2, 'email_test@gmail.com', 'glosa test', 8, 117, 220, 17, '14570434', 'ORIGEN TEST', 2, 8, 10, 121),
('11389287', '925-332-3629 x42394', 'fconsidine@gmail.com', 'Gaston', '706-657-4514 x66027', 'Numerical Tool Programmer OR Process Control ', '34057 Steuber Radial\nTracetown, NJ 42728-4722', 1, 'email_test@gmail.com', 'glosa test', 10, 68, 423, 16, '17276759', 'ORIGEN TEST', 1, 14, 24, 317),
('11501902', '+1-350-693-1151', 'jensen.gleichner@gmail.com', 'Ewald', '676.583.3514', 'Food Cooking Machine Operators', '155 Sydnie Pines Suite 046\nNorth Durward, MN 72308-1087', 2, 'email_test@gmail.com', 'glosa test', 12, 124, 557, 15, '19798779', 'ORIGEN TEST', 2, 9, 24, 48),
('11619846', '+1 (358) 577-0945', 'frieda.lesch@baumbach.net', 'Alyce', '756-310-7484 x1854', 'Art Director', '8312 Haley Mountains Suite 002\nDouglasland, MI 53102', 2, 'email_test@gmail.com', 'glosa test', 15, 85, 6, 4, '18846293', 'ORIGEN TEST', 2, 11, 3, 261),
('11766851', '1-858-937-7074 x20163', 'mallie34@yahoo.com', 'Maxie', '(476) 704-9814', 'Recreational Vehicle Service Technician', '31947 Runte Ways\nBettyland, RI 36858-4951', 1, 'email_test@gmail.com', 'glosa test', 5, 47, 454, 15, '16019074', 'ORIGEN TEST', 1, 15, 48, 189),
('11824170', '(928) 555-3364', 'monserrate.moore@yahoo.com', 'Alexys', '1-786-513-3483', 'Structural Iron and Steel Worker', '617 Ezra Walks\nSouth Odellfort, ID 91448-8671', 1, 'email_test@gmail.com', 'glosa test', 18, 131, 310, 9, '11714298', 'ORIGEN TEST', 2, 12, 1, 158),
('11831315', '+1-325-277-5375', 'tbrakus@sipes.info', 'Nyasia', '+1 (480) 527-6639', 'Proofreaders and Copy Marker', '4947 Fritsch Crossing Suite 659\nAltheaberg, MT 69551-4505', 1, 'email_test@gmail.com', 'glosa test', 11, 80, 688, 3, '15762556', 'ORIGEN TEST', 1, 9, 35, 48),
('11856796', '1-543-324-8606', 'sam.schmidt@bayer.org', 'Thelma', '+1-453-290-0974', 'Signal Repairer OR Track Switch Repairer', '28541 Minerva Pines Apt. 626\nAdamsfort, MT 38621', 1, 'email_test@gmail.com', 'glosa test', 3, 19, 65, 12, '18503825', 'ORIGEN TEST', 2, 3, 48, 326),
('11857379', '1-391-802-4804 x35559', 'tremaine.dibbert@hotmail.com', 'Cassidy', '738.541.4301 x05184', 'Insurance Sales Agent', '9078 Jesse Plain Apt. 804\nKennethshire, SD 16694', 2, 'email_test@gmail.com', 'glosa test', 4, 123, 329, 15, '13291826', 'ORIGEN TEST', 1, 6, 49, 292),
('11950563', '(267) 767-9622 x6061', 'woodrow30@gmail.com', 'Mabelle', '+1 (879) 755-6462', 'MARCOM Manager', '426 Margot Village Apt. 309\nEast Chloeview, DC 85951-0403', 1, 'email_test@gmail.com', 'glosa test', 5, 129, 198, 4, '15208642', 'ORIGEN TEST', 2, 9, 39, 125),
('12039469', '(273) 526-6113', 'loren.vonrueden@yahoo.com', 'Beaulah', '(691) 999-2033', 'Recyclable Material Collector', '915 Greenholt Shore\nWest Jermey, WY 00056-2371', 1, 'email_test@gmail.com', 'glosa test', 6, 7, 352, 14, '10517904', 'ORIGEN TEST', 1, 1, 18, 297),
('12174287', '987-562-6766 x6362', 'hjacobs@gmail.com', 'Ezra', '+1 (475) 963-5544', 'Air Crew Officer', '985 Zelda Branch\nSouth Savanah, VT 18111-0386', 1, 'email_test@gmail.com', 'glosa test', 3, 36, 246, 10, '18389438', 'ORIGEN TEST', 2, 15, 21, 94),
('12208557', '1-301-866-7808 x2899', 'heloise.nicolas@white.com', 'Jeramy', '(550) 832-2949 x374', 'Slot Key Person', '557 Laurine Brooks Apt. 260\nKreigerbury, MA 84367-1732', 1, 'email_test@gmail.com', 'glosa test', 7, 76, 649, 17, '15380087', 'ORIGEN TEST', 2, 10, 46, 208),
('12226940', '730.736.4951', 'wisoky.diamond@davis.com', 'Otha', '505-315-5110 x0982', 'MARCOM Manager', '22826 Jast Extensions Suite 093\nSarahberg, LA 75366', 2, 'email_test@gmail.com', 'glosa test', 18, 77, 186, 10, '18996890', 'ORIGEN TEST', 1, 15, 45, 41),
('12234559', '+1.531.626.8428', 'jocelyn98@gmail.com', 'Giovanny', '229.226.2795 x8508', 'Petroleum Pump System Operator', '4969 Hayley Parkway Apt. 074\nMrazfurt, MA 19818', 2, 'email_test@gmail.com', 'glosa test', 17, 40, 98, 15, '19933632', 'ORIGEN TEST', 1, 7, 37, 83),
('12425392', '986.410.6083', 'mabernathy@harber.com', 'Eleanore', '+1-552-831-9396', 'Elevator Installer and Repairer', '445 Hammes Lodge Apt. 614\nWest Haskellstad, NM 33477', 1, 'email_test@gmail.com', 'glosa test', 15, 46, 605, 17, '12340852', 'ORIGEN TEST', 1, 1, 53, 221),
('12578409', '(332) 886-6220 x580', 'isaias77@damore.com', 'Christy', '629.918.7532', 'Central Office and PBX Installers', '7238 Bartell Road\nBernierton, NH 07880', 1, 'email_test@gmail.com', 'glosa test', 17, 66, 489, 6, '17488503', 'ORIGEN TEST', 2, 15, 22, 277),
('12694568', '(612) 353-5982 x3972', 'hfritsch@yahoo.com', 'Rebekah', '1-747-481-8037', 'Mechanical Drafter', '45677 Morar Circles\nLuzville, VA 70250', 2, 'email_test@gmail.com', 'glosa test', 13, 91, 230, 10, '10857820', 'ORIGEN TEST', 1, 12, 47, 167),
('12878522', '428-263-2504 x3363', 'bethany.champlin@leffler.com', 'Mafalda', '(282) 738-6288', 'Signal Repairer OR Track Switch Repairer', '358 Keeling Prairie\nLake Wilmer, MN 65372', 2, 'email_test@gmail.com', 'glosa test', 4, 70, 207, 2, '12822326', 'ORIGEN TEST', 1, 9, 53, 89),
('13426144', '887-441-4062', 'melvin56@yahoo.com', 'Tyrique', '218.897.2020', 'Carpenter Assembler and Repairer', '91138 Aliya Rapid Apt. 242\nLangoshland, GA 03514-1125', 1, 'email_test@gmail.com', 'glosa test', 4, 123, 162, 9, '14034166', 'ORIGEN TEST', 2, 13, 33, 84),
('13497636', '+1.425.426.0360', 'hudson.gustave@yahoo.com', 'Allison', '(605) 569-7654 x97848', 'Photoengraver', '237 Lubowitz Circles Apt. 474\nWiegandstad, AL 69957-6382', 1, 'email_test@gmail.com', 'glosa test', 18, 64, 441, 12, '12053261', 'ORIGEN TEST', 1, 6, 44, 82),
('13530839', '(475) 542-9391', 'wbeatty@yahoo.com', 'Daphne', '327-498-1831', 'Nursery Manager', '5742 Kassandra Haven\nWest Monabury, NE 07101-3070', 2, 'email_test@gmail.com', 'glosa test', 13, 63, 30, 6, '18671230', 'ORIGEN TEST', 1, 14, 20, 296),
('13570356', '+1.875.930.8626', 'schuppe.viola@turcotte.com', 'Zaria', '+1-551-561-7784', 'Payroll Clerk', '36523 Reinger Square\nWest Kallie, NV 35154-6150', 2, 'email_test@gmail.com', 'glosa test', 8, 21, 175, 8, '10038882', 'ORIGEN TEST', 1, 9, 38, 160),
('13862550', '(660) 488-3791', 'fermin.hane@gmail.com', 'Linwood', '302-674-1532 x8449', 'Food Batchmaker', '49161 O\'Kon Overpass\nWest Anneshire, PA 79606', 2, 'email_test@gmail.com', 'glosa test', 6, 126, 223, 4, '19601040', 'ORIGEN TEST', 1, 15, 6, 283),
('14119469', '+1 (682) 999-5422', 'wolff.juliet@cummings.com', 'Stephany', '1-457-574-1590 x0326', 'CSI', '639 Thora Pines Apt. 197\nEast Granvillemouth, GA 89323-7922', 2, 'email_test@gmail.com', 'glosa test', 15, 78, 562, 7, '16810026', 'ORIGEN TEST', 1, 11, 40, 162),
('14144238', '301.269.5201 x4622', 'deontae.langworth@macejkovic.net', 'Clementina', '626.941.7449', 'Psychologist', '9503 Tillman Islands Suite 689\nWest Jeradside, RI 07329', 1, 'email_test@gmail.com', 'glosa test', 11, 69, 495, 12, '10812686', 'ORIGEN TEST', 1, 12, 38, 225),
('14364453', '992-642-8647 x7249', 'nkuphal@romaguera.com', 'Emma', '352-298-1433 x5472', 'Glazier', '164 Kirlin Via\nSipesfort, GA 61094', 1, 'email_test@gmail.com', 'glosa test', 16, 67, 534, 13, '17068204', 'ORIGEN TEST', 1, 6, 39, 29),
('14397835', '+1 (249) 801-9460', 'etreutel@jerde.org', 'Nella', '520-666-6543', 'HR Manager', '37073 Keven Mountains Apt. 168\nCruickshankport, FL 42636', 1, 'email_test@gmail.com', 'glosa test', 8, 92, 233, 3, '16933950', 'ORIGEN TEST', 2, 8, 22, 108),
('14558951', '792.475.3856 x894', 'haskell.kirlin@okon.net', 'Trenton', '1-475-403-6927 x397', 'Precision Pattern and Die Caster', '590 Abigale Circle Apt. 163\nPort Amanishire, NH 04045', 1, 'email_test@gmail.com', 'glosa test', 15, 79, 142, 7, '12982457', 'ORIGEN TEST', 1, 12, 22, 17),
('14669173', '334-532-4505 x772', 'azemlak@willms.com', 'Karli', '697.631.0185 x207', 'Power Distributors OR Dispatcher', '71272 Barrows Mount\nNorth Jettshire, LA 66581-7702', 2, 'email_test@gmail.com', 'glosa test', 16, 117, 45, 11, '12565042', 'ORIGEN TEST', 1, 7, 30, 247),
('14723677', '926.806.6050 x799', 'heaney.pablo@yahoo.com', 'Adah', '+1.765.562.1519', 'Appliance Repairer', '72141 Legros Drive\nLindahaven, WA 63821-6124', 2, 'email_test@gmail.com', 'glosa test', 6, 34, 213, 5, '15595595', 'ORIGEN TEST', 2, 10, 11, 12),
('14891506', '(245) 236-0720 x340', 'will54@purdy.com', 'Modesta', '806-751-9019', 'Septic Tank Servicer', '5925 Lupe Brooks\nEast Ibrahimborough, NV 22597-1799', 1, 'email_test@gmail.com', 'glosa test', 6, 12, 656, 4, '13225523', 'ORIGEN TEST', 2, 13, 38, 49),
('14980801', '551.678.6113 x528', 'leffler.alaina@nolan.com', 'Corene', '1-585-395-5115 x5176', 'Automotive Body Repairer', '31784 Leopoldo Wells\nJaniyahaven, GA 32833', 1, 'email_test@gmail.com', 'glosa test', 9, 113, 145, 3, '16159891', 'ORIGEN TEST', 1, 15, 3, 237),
('15064912', '367-799-5890 x4519', 'markus48@hoppe.com', 'Dusty', '(412) 494-6953 x2194', 'Pile-Driver Operator', '5393 Schmitt Wall Suite 492\nImeldaside, SC 69452-3700', 1, 'email_test@gmail.com', 'glosa test', 16, 116, 350, 8, '18660525', 'ORIGEN TEST', 2, 11, 40, 39),
('15085622', '937-895-4955', 'desiree56@kozey.com', 'Annabelle', '+1 (321) 742-9717', 'Advertising Manager OR Promotions Manager', '955 Zoie Plaza Suite 276\nVernaborough, MT 90880-4038', 2, 'email_test@gmail.com', 'glosa test', 4, 7, 344, 2, '15903287', 'ORIGEN TEST', 2, 3, 39, 298),
('15092689', '327.691.1780', 'tokeefe@gmail.com', 'Americo', '+1.331.891.7044', 'Vice President Of Human Resources', '814 Kennith Mount Suite 150\nLake Ada, DC 60490', 2, 'email_test@gmail.com', 'glosa test', 12, 69, 115, 5, '10816317', 'ORIGEN TEST', 1, 12, 12, 283),
('15207083', '(392) 281-1967 x145', 'tadams@gmail.com', 'Beth', '470.766.9624 x102', 'Dental Assistant', '75228 Josefa Fords Suite 459\nZulaufshire, PA 27112-8007', 1, 'email_test@gmail.com', 'glosa test', 10, 49, 375, 15, '11137629', 'ORIGEN TEST', 1, 8, 23, 71),
('15243913', '(732) 307-0453 x927', 'fatima.hand@gmail.com', 'Enrico', '+18407079724', 'Vice President Of Marketing', '349 Barrows Drives Apt. 941\nFelicitamouth, KY 26912-8781', 1, 'email_test@gmail.com', 'glosa test', 10, 61, 505, 10, '17604706', 'ORIGEN TEST', 1, 8, 47, 98),
('15259132', '814.208.9590 x307', 'dooley.peggie@gmail.com', 'Fidel', '1-334-639-5685 x3211', 'Production Laborer', '6086 Nader Crossing Suite 586\nKennashire, CO 42693-0321', 2, 'email_test@gmail.com', 'glosa test', 11, 67, 345, 14, '14328975', 'ORIGEN TEST', 1, 9, 10, 24),
('15331066', '294-769-5796 x8940', 'nedra72@yahoo.com', 'Golda', '(740) 339-0822 x944', 'Rental Clerk', '1078 Lemke Shores\nEast Rosa, OK 63254', 1, 'email_test@gmail.com', 'glosa test', 18, 95, 282, 14, '13473329', 'ORIGEN TEST', 2, 2, 2, 298),
('15433327', '452.734.1706 x579', 'lee.kub@yahoo.com', 'Theresia', '+1 (591) 692-3031', 'Broadcast Technician', '665 Schumm Villages\nLuzland, OR 88046-5334', 2, 'email_test@gmail.com', 'glosa test', 16, 86, 421, 3, '19744749', 'ORIGEN TEST', 2, 5, 42, 327),
('15536142', '406-962-6802 x63657', 'barrows.sandra@braun.com', 'Ruby', '375-669-8338 x9041', 'Tool and Die Maker', '26340 Ryan Forge Suite 633\nKleinshire, AK 32248', 1, 'email_test@gmail.com', 'glosa test', 18, 29, 240, 15, '15098943', 'ORIGEN TEST', 2, 10, 17, 168),
('15819711', '214.807.6347', 'skoelpin@gmail.com', 'Winston', '502.578.9033', 'Roofer', '63940 Grimes Trace Suite 473\nAufderharfurt, KY 92361', 2, 'email_test@gmail.com', 'glosa test', 9, 121, 322, 2, '10040483', 'ORIGEN TEST', 1, 11, 21, 196),
('16188541', '+1 (647) 474-3320', 'brock97@hudson.info', 'Gussie', '+1 (693) 428-9749', 'Electrician', '2467 Era Shore Suite 925\nHintzfurt, KY 31879', 1, 'email_test@gmail.com', 'glosa test', 6, 110, 615, 10, '12398904', 'ORIGEN TEST', 2, 11, 18, 103),
('16305784', '(316) 591-9007 x052', 'isabelle.littel@gmail.com', 'Felicita', '720-908-8643 x857', 'Tile Setter OR Marble Setter', '1556 Mckenzie Radial Apt. 984\nKoleview, MI 44356-9006', 2, 'email_test@gmail.com', 'glosa test', 3, 94, 565, 11, '19405175', 'ORIGEN TEST', 1, 10, 52, 315),
('16361748', '519.707.8691 x5798', 'blanca.rogahn@lesch.com', 'Kristina', '(489) 509-5078 x54311', 'Mapping Technician', '934 Terry Track\nNew Baileeton, MA 72486-4500', 1, 'email_test@gmail.com', 'glosa test', 14, 8, 195, 13, '14685207', 'ORIGEN TEST', 1, 12, 35, 159),
('16481940', '+1-415-377-7045', 'rrunolfsson@wintheiser.com', 'Sallie', '1-246-715-8642', 'Veterinarian', '9016 Hartmann Corners\nLewistown, MN 74678-9680', 1, 'email_test@gmail.com', 'glosa test', 7, 22, 107, 8, '17972311', 'ORIGEN TEST', 1, 2, 51, 287),
('16611778', '(904) 799-4336 x5234', 'kiehn.marlon@yahoo.com', 'Retha', '789.409.1838 x724', 'Public Health Social Worker', '7087 Beahan Hollow Apt. 571\nTobinborough, NM 85295-7682', 2, 'email_test@gmail.com', 'glosa test', 11, 35, 515, 17, '13648221', 'ORIGEN TEST', 2, 12, 43, 167),
('16629168', '+1-740-854-8139', 'alize.watsica@gmail.com', 'Matilde', '220.346.7776 x342', 'Materials Scientist', '83546 Bo Rapids\nEast Sheldon, NC 42290-5147', 1, 'email_test@gmail.com', 'glosa test', 10, 112, 679, 5, '14126581', 'ORIGEN TEST', 2, 14, 20, 160),
('16728838', '(689) 659-9167 x8311', 'maudie75@nikolaus.com', 'Trisha', '+1.262.254.9207', 'Traffic Technician', '9349 Beulah Radial\nWinnifredville, MO 70137', 2, 'email_test@gmail.com', 'glosa test', 12, 103, 530, 7, '15642797', 'ORIGEN TEST', 1, 4, 23, 277),
('16755577', '345-580-8515', 'schmitt.reece@hotmail.com', 'Dillon', '(586) 950-8882 x0128', 'Child Care', '4017 Antonina Meadows Apt. 823\nWest Cassandreton, AZ 56855', 1, 'email_test@gmail.com', 'glosa test', 7, 20, 546, 13, '10655240', 'ORIGEN TEST', 1, 4, 37, 88),
('17090584', '(995) 668-2440', 'thiel.destiny@gmail.com', 'Keshawn', '(825) 354-5838', 'Aircraft Cargo Handling Supervisor', '760 Alexane Manors\nIvystad, VT 16526-3707', 1, 'email_test@gmail.com', 'glosa test', 2, 118, 28, 12, '11081976', 'ORIGEN TEST', 2, 6, 49, 152),
('17360629', '+1 (515) 329-3296', 'hickle.camryn@shanahan.com', 'Pamela', '870.829.9924 x1078', 'Technical Writer', '381 Euna Mews Suite 404\nFreddymouth, RI 67524', 2, 'email_test@gmail.com', 'glosa test', 16, 5, 56, 17, '12144724', 'ORIGEN TEST', 2, 4, 21, 237),
('17364700', '926-389-5382 x17974', 'brobel@flatley.net', 'Vada', '(883) 312-6920 x23851', 'Agricultural Crop Farm Manager', '26693 Kelly Path Apt. 621\nWilsonburgh, RI 56392-8274', 1, 'email_test@gmail.com', 'glosa test', 8, 39, 331, 4, '14030741', 'ORIGEN TEST', 2, 14, 35, 209),
('17402370', '1-640-971-9682', 'fboyle@hotmail.com', 'Mireille', '(813) 895-4431', 'Secondary School Teacher', '1946 Lorine Divide\nSouth Selena, WA 37308', 2, 'email_test@gmail.com', 'glosa test', 2, 29, 163, 14, '16009100', 'ORIGEN TEST', 2, 7, 14, 120),
('17444000', '+1-247-953-3731', 'caterina.wyman@rice.com', 'Justyn', '663.900.5128', 'Preschool Teacher', '765 Lorna Hills\nBashirianborough, ME 03677', 1, 'email_test@gmail.com', 'glosa test', 14, 3, 248, 7, '15988466', 'ORIGEN TEST', 2, 3, 19, 249),
('17449401', '1-254-828-1235 x786', 'kyleigh43@ratke.com', 'Edward', '792.229.2596 x4424', 'Bindery Worker', '1071 Bruen Trace\nDasiahaven, OH 51304-2298', 1, 'email_test@gmail.com', 'glosa test', 17, 20, 675, 8, '13915136', 'ORIGEN TEST', 1, 7, 25, 287),
('17527377', '743.324.1585', 'fhartmann@gmail.com', 'Brenna', '1-606-845-4226', 'Aircraft Engine Specialist', '708 Collier Valleys\nHesselfurt, PA 05816-7279', 1, 'email_test@gmail.com', 'glosa test', 15, 71, 478, 9, '14432572', 'ORIGEN TEST', 1, 5, 29, 257),
('17600097', '897.544.0984', 'zion07@nolan.net', 'Delia', '1-471-451-1478', 'Nursery Manager', '82166 Champlin Avenue\nSkilesborough, VT 35761-2956', 2, 'email_test@gmail.com', 'glosa test', 2, 95, 235, 7, '19697470', 'ORIGEN TEST', 1, 4, 21, 161),
('17741322', '1-625-651-6474', 'grimes.newell@gmail.com', 'Morgan', '1-424-997-3379 x6257', 'Veterinary Assistant OR Laboratory Animal Car', '428 Marley Square Apt. 512\nSammyland, OK 26151', 1, 'email_test@gmail.com', 'glosa test', 16, 46, 374, 4, '14589659', 'ORIGEN TEST', 2, 9, 28, 167),
('17916230-K', '1312312312', 'admin@admin.com', 'adasd', 'contactotest', 'vendedor', 'vdvdfvdfv123', 1, 'sitioweb.com', 'glosatest', 7, 10, 10, 9, '18194743', 'origentest', 1, 9, 10, 14),
('17933189', '313.562.9325', 'raquel72@feest.com', 'Albina', '908.717.0706', 'Woodworking Machine Operator', '18251 Wilderman Mill\nKeshaunview, MT 34134', 1, 'email_test@gmail.com', 'glosa test', 6, 38, 271, 5, '17471253', 'ORIGEN TEST', 1, 13, 40, 331),
('17941780', '841.964.1979', 'delores.legros@morissette.com', 'Marquis', '457.970.7189', 'Well and Core Drill Operator', '851 Kaylin Park\nNew Eulaliahaven, AR 01406-7425', 2, 'email_test@gmail.com', 'glosa test', 1, 112, 687, 11, '10992338', 'ORIGEN TEST', 1, 11, 46, 109),
('18082590', '1-506-597-4437 x69627', 'sonny.wintheiser@crist.info', 'Reba', '+1.439.512.0719', 'Personal Financial Advisor', '66428 Graham Islands\nNorth Verdiestad, LA 01158', 2, 'email_test@gmail.com', 'glosa test', 17, 87, 536, 12, '16112794', 'ORIGEN TEST', 1, 10, 42, 290),
('18194743-8', '68141757', 'cristian.guzman.cft@gmail.com', 'cristian', 'contactotest', 'programador', 'direccion123', 1, 'sitioweb.com', 'glosatest', 7, 7, 56, 1, '18194743', 'origentest', 1, 9, 33, 196),
('18338907', '+1.327.768.9238', 'laurel.roob@johnston.org', 'Vada', '931.400.8734 x08077', 'Veterinary Technician', '191 Perry Street\nPort Hal, ND 98619', 1, 'email_test@gmail.com', 'glosa test', 9, 114, 69, 11, '10946293', 'ORIGEN TEST', 1, 4, 43, 36),
('18351509', '472-483-1042', 'luettgen.johann@yahoo.com', 'Jammie', '230.231.1169', 'Safety Engineer', '86171 Kirlin Village Suite 327\nEast Salmaburgh, DC 78919', 1, 'email_test@gmail.com', 'glosa test', 14, 21, 683, 11, '15074958', 'ORIGEN TEST', 2, 3, 5, 285),
('18430901', '(516) 498-2439 x94898', 'eloisa80@kuvalis.com', 'Juston', '1-217-699-6162 x5475', 'Legal Secretary', '45651 Graham Creek Suite 493\nFunkfurt, NC 48984-1382', 2, 'email_test@gmail.com', 'glosa test', 2, 73, 18, 15, '17111789', 'ORIGEN TEST', 2, 9, 52, 181),
('18533443', '+1.654.247.2958', 'lkeeling@emard.biz', 'Jamaal', '+1.308.934.7309', 'Teller', '988 Murray Spur\nConroystad, GA 41856', 2, 'email_test@gmail.com', 'glosa test', 4, 55, 483, 12, '10932610', 'ORIGEN TEST', 2, 11, 47, 192),
('18590476', '1-841-760-1885', 'rreilly@barrows.com', 'Nettie', '+1-273-973-4649', 'Ceiling Tile Installer', '45127 Berge Falls Suite 515\nLake Mack, NJ 75604-4850', 1, 'email_test@gmail.com', 'glosa test', 9, 55, 65, 4, '10994606', 'ORIGEN TEST', 1, 13, 2, 100),
('18628244', '1-525-387-4201', 'kihn.eula@yahoo.com', 'Damion', '+1 (353) 800-3953', 'Surveying and Mapping Technician', '2210 Vanessa Estate Suite 566\nEast Birdieville, NC 49106-5903', 2, 'email_test@gmail.com', 'glosa test', 12, 24, 433, 9, '17392573', 'ORIGEN TEST', 2, 14, 14, 324),
('18754555', '807-268-7442 x34236', 'fstroman@blanda.com', 'Bette', '787-941-1573 x8195', 'Explosives Expert', '49680 Osinski Plains Suite 603\nNorth Bria, IL 15888-7178', 2, 'email_test@gmail.com', 'glosa test', 2, 130, 399, 12, '19882409', 'ORIGEN TEST', 2, 5, 14, 276),
('18909320', '1-918-427-8263 x9460', 'mckenna13@yahoo.com', 'Jaquan', '441.960.9114 x041', 'Agricultural Engineer', '58568 Arturo Villages Apt. 114\nPort Blazemouth, VA 09652-0008', 1, 'email_test@gmail.com', 'glosa test', 4, 124, 380, 3, '11586270', 'ORIGEN TEST', 2, 13, 17, 277),
('18929878', '1-410-630-0372', 'donnelly.chad@rutherford.com', 'Linnea', '(759) 481-9463 x5525', 'Licensed Practical Nurse', '48957 Joana Islands Apt. 989\nJillianburgh, NE 94615-2840', 1, 'email_test@gmail.com', 'glosa test', 15, 57, 234, 5, '10599866', 'ORIGEN TEST', 1, 1, 32, 95),
('18940870', '+19153952317', 'michael.huel@koss.com', 'Elna', '(416) 313-9721 x4850', 'Sheriff', '11222 Ratke Junction Apt. 638\nNew Roman, MN 87407-1055', 1, 'email_test@gmail.com', 'glosa test', 15, 4, 98, 8, '11795648', 'ORIGEN TEST', 2, 7, 21, 150),
('19142567', '420-437-3938', 'clint39@toy.com', 'Johanna', '982.235.4157 x90079', 'Immigration Inspector OR Customs Inspector', '27056 Hank Plains Apt. 211\nNew Hughchester, WA 60938', 2, 'email_test@gmail.com', 'glosa test', 9, 75, 220, 4, '11226691', 'ORIGEN TEST', 1, 9, 9, 201),
('19218389', '+1.363.989.6723', 'qstracke@adams.com', 'Monserrate', '684.786.4038', 'Baker', '883 Kevon Lodge\nEast Cleoraland, NM 39341', 1, 'email_test@gmail.com', 'glosa test', 6, 108, 322, 5, '12585443', 'ORIGEN TEST', 2, 5, 45, 110),
('19260094', '+1.308.500.8490', 'nienow.tad@yahoo.com', 'Opal', '845-816-4656 x0467', 'Speech-Language Pathologist', '6138 Armstrong Mountain\nLake Margret, DC 49363', 2, 'email_test@gmail.com', 'glosa test', 16, 94, 235, 7, '13536206', 'ORIGEN TEST', 1, 2, 46, 125),
('19430538', '1-961-974-2810 x7207', 'reynolds.nadia@yahoo.com', 'Emilia', '838-944-5690', 'Dredge Operator', '72602 Pouros Point Apt. 243\nJonesfort, NC 24403', 1, 'email_test@gmail.com', 'glosa test', 10, 109, 544, 5, '13075825', 'ORIGEN TEST', 1, 6, 9, 167),
('19447945', '+1 (441) 694-6314', 'marge00@klocko.com', 'Kenneth', '825-750-1674 x643', 'Financial Services Sales Agent', '77891 Romaguera Rapids\nHudsonborough, TN 01684-6811', 2, 'email_test@gmail.com', 'glosa test', 13, 71, 322, 6, '15522386', 'ORIGEN TEST', 1, 9, 10, 109),
('19481496', '(659) 274-3925 x35398', 'ahalvorson@yahoo.com', 'Kenyatta', '+1-453-696-7251', 'Food Scientists and Technologist', '125 Bobbie Meadows Suite 667\nJulioberg, NY 49095', 2, 'email_test@gmail.com', 'glosa test', 9, 41, 388, 9, '18443251', 'ORIGEN TEST', 1, 9, 37, 207),
('19555366', '+1-283-516-7423', 'nrunolfsdottir@gmail.com', 'Vivienne', '(280) 533-1910 x66983', 'Mold Maker', '7296 Maye Prairie\nMargaritaland, MI 02898', 1, 'email_test@gmail.com', 'glosa test', 17, 44, 59, 16, '18745719', 'ORIGEN TEST', 1, 15, 51, 178),
('19631684', '+1.565.877.6211', 'wolff.deshaun@wunsch.info', 'Fleta', '1-616-626-1414', 'Electrician', '622 Jacobson Unions Apt. 900\nCalistaland, NY 40085-4036', 2, 'email_test@gmail.com', 'glosa test', 6, 99, 530, 2, '16991209', 'ORIGEN TEST', 1, 6, 52, 111),
('19806470', '(286) 645-5751 x7128', 'lwilderman@quitzon.com', 'Frieda', '+1-575-676-3253', 'Farm and Home Management Advisor', '916 Annabell Canyon\nEast Isabellaburgh, WI 00994-5823', 1, 'email_test@gmail.com', 'glosa test', 1, 130, 76, 15, '16374467', 'ORIGEN TEST', 2, 8, 17, 28);

-- --------------------------------------------------------

--
-- Estructura de tabla para la tabla `ctae_cuenta_empresa`
--

CREATE TABLE `ctae_cuenta_empresa` (
  `CTAE_ID` int(10) UNSIGNED NOT NULL,
  `CTAE_DESC` varchar(45) COLLATE utf8mb4_unicode_ci NOT NULL,
  `CTAE_NUMERO_CUENTA` varchar(45) COLLATE utf8mb4_unicode_ci NOT NULL,
  `CTAE_EMP_ID` int(10) UNSIGNED NOT NULL,
  `CTAE_BCO_ID` int(10) UNSIGNED NOT NULL
) ENGINE=InnoDB DEFAULT CHARSET=utf8mb4 COLLATE=utf8mb4_unicode_ci;

--
-- Volcado de datos para la tabla `ctae_cuenta_empresa`
--

INSERT INTO `ctae_cuenta_empresa` (`CTAE_ID`, `CTAE_DESC`, `CTAE_NUMERO_CUENTA`, `CTAE_EMP_ID`, `CTAE_BCO_ID`) VALUES
(1, 'Cuenta Corriente', '2431546991436764', 1, 1),
(2, 'Cuenta Corriente', '4024007147340060', 1, 1),
(3, 'Cuenta Vista', '2396043968165827', 1, 1),
(4, 'Cuenta Vista', '4485667663502963', 1, 1),
(5, 'Cuenta Corriente', '345956756485535', 1, 1),
(6, 'Cuenta Corriente', '4556205966911', 1, 1),
(7, 'Cuenta Corriente', '2406544955125367', 1, 1),
(8, 'Cuenta Vista', '2406751236324616', 1, 1),
(9, 'Cuenta Corriente', '5406070094388099', 1, 1),
(10, 'Cuenta Vista', '5552361184359278', 1, 1),
(11, 'Cuenta Vista', '378093928184190', 1, 1),
(12, 'Cuenta Corriente', '4916070361978610', 1, 1),
(13, 'Cuenta Corriente', '2720430722149642', 1, 1),
(14, 'Cuenta Corriente', '5414179411237242', 1, 1),
(15, 'Cuenta Corriente', '6011576308867467', 1, 1),
(16, 'Cuenta Corriente', '2404106705779687', 1, 1),
(17, 'Cuenta Vista', '4929596810552', 1, 1),
(18, 'Cuenta Corriente', '5486408423443909', 1, 1),
(19, 'Cuenta Vista', '2593339621290932', 1, 1),
(20, 'Cuenta Corriente', '5120907529710063', 1, 1),
(21, 'Cuenta Corriente', '4485339739855', 1, 1),
(22, 'Cuenta Corriente', '4556086978159', 1, 1),
(23, 'Cuenta Corriente', '371957883200547', 1, 1),
(24, 'Cuenta Vista', '6011466831711731', 1, 1),
(25, 'Cuenta Corriente', '4929035259106', 1, 1),
(26, 'Cuenta Corriente', '4556283559265386', 1, 1),
(27, 'Cuenta Corriente', '5281962778589325', 1, 1),
(28, 'Cuenta Vista', '4882206084581', 1, 1),
(29, 'Cuenta Vista', '5457931638673650', 1, 1),
(30, 'Cuenta Corriente', '5296975799497263', 1, 1),
(31, 'Cuenta Vista', '345668234588562', 1, 1),
(32, 'Cuenta Vista', '373000375617585', 1, 1),
(33, 'Cuenta Corriente', '5541108504272614', 1, 1),
(34, 'Cuenta Vista', '2612737142203127', 1, 1),
(35, 'Cuenta Vista', '371512451181296', 1, 1),
(36, 'Cuenta Corriente', '4929908090463', 1, 1),
(37, 'Cuenta Vista', '2492932513802780', 1, 1),
(38, 'Cuenta Corriente', '2421250318838800', 1, 1),
(39, 'Cuenta Corriente', '4024007147568942', 1, 1),
(40, 'Cuenta Vista', '2720727996308428', 1, 1),
(41, 'Cuenta Vista', '4739223150081196', 1, 1),
(42, 'Cuenta Vista', '2416973913292373', 1, 1),
(43, 'Cuenta Corriente', '2572621062883068', 1, 1),
(44, 'Cuenta Vista', '348636370592125', 1, 1),
(45, 'Cuenta Vista', '2369649454050274', 1, 1),
(46, 'Cuenta Vista', '4024007100162121', 1, 1),
(47, 'Cuenta Vista', '4532904329946380', 1, 1),
(48, 'Cuenta Vista', '5543725924393494', 1, 1),
(49, 'Cuenta Corriente', '4556219392443', 1, 1),
(50, 'Cuenta Corriente', '5307613608408513', 1, 1),
(51, 'Cuenta Vista', '373567684533349', 1, 1),
(52, 'Cuenta Corriente', '4916435818292', 1, 1),
(53, 'Cuenta Vista', '2474762836351963', 1, 1),
(54, 'Cuenta Vista', '4024007108695', 1, 1),
(55, 'Cuenta Vista', '4929714556455562', 1, 1),
(56, 'Cuenta Vista', '4539118630008375', 1, 1),
(57, 'Cuenta Corriente', '4556348841938072', 1, 1),
(58, 'Cuenta Corriente', '4916827788251', 1, 1),
(59, 'Cuenta Vista', '4716337442258219', 1, 1),
(60, 'Cuenta Corriente', '341189203074223', 1, 1),
(61, 'Cuenta Vista', '4604993277271', 1, 1),
(62, 'Cuenta Vista', '4539573594825828', 1, 1),
(63, 'Cuenta Corriente', '2630753724361116', 1, 1),
(64, 'Cuenta Vista', '5353215047206616', 1, 1),
(65, 'Cuenta Vista', '4929631064698998', 1, 1),
(66, 'Cuenta Vista', '2635962332676238', 1, 1),
(67, 'Cuenta Vista', '4916629815229', 1, 1),
(68, 'Cuenta Corriente', '5146611896022983', 1, 1),
(69, 'Cuenta Vista', '6011493701967607', 1, 1),
(70, 'Cuenta Corriente', '4024007111194', 1, 1),
(71, 'Cuenta Vista', '346851005481014', 1, 1),
(72, 'Cuenta Corriente', '4485252320964', 1, 1),
(73, 'Cuenta Vista', '4539697983370', 1, 1),
(74, 'Cuenta Vista', '2327043341463323', 1, 1),
(75, 'Cuenta Corriente', '2720101469243621', 1, 1),
(76, 'Cuenta Corriente', '2502778737402461', 1, 1),
(77, 'Cuenta Corriente', '4848190585937490', 1, 1),
(78, 'Cuenta Vista', '4539543459146', 1, 1),
(79, 'Cuenta Vista', '5419399862455268', 1, 1),
(80, 'Cuenta Vista', '377091844754170', 1, 1),
(81, 'Cuenta Corriente', '5390603155870684', 1, 1),
(82, 'Cuenta Vista', '2720084666389597', 1, 1),
(83, 'Cuenta Vista', '4485068007480786', 1, 1),
(84, 'Cuenta Vista', '4024007127387859', 1, 1),
(85, 'Cuenta Vista', '4556082479401380', 1, 1),
(86, 'Cuenta Corriente', '5124564775142057', 1, 1),
(87, 'Cuenta Corriente', '2481000055887719', 1, 1),
(88, 'Cuenta Vista', '4024007172500968', 1, 1),
(89, 'Cuenta Vista', '4929642886333', 1, 1),
(90, 'Cuenta Corriente', '4556039740938', 1, 1),
(91, 'Cuenta Corriente', '4185756857726083', 1, 1),
(92, 'Cuenta Vista', '2353454492677289', 1, 1),
(93, 'Cuenta Corriente', '2513073102089565', 1, 1),
(94, 'Cuenta Corriente', '5548987770302178', 1, 1),
(95, 'Cuenta Vista', '2431908496507749', 1, 1),
(96, 'Cuenta Vista', '4556331246299035', 1, 1),
(97, 'Cuenta Vista', '5214630798687666', 1, 1),
(98, 'Cuenta Corriente', '340981275214724', 1, 1),
(99, 'Cuenta Vista', '345701295283755', 1, 1),
(100, 'Cuenta Vista', '5519227232280521', 1, 1);

-- --------------------------------------------------------

--
-- Estructura de tabla para la tabla `ct_centro_negocio`
--

CREATE TABLE `ct_centro_negocio` (
  `CT_ID` int(10) UNSIGNED NOT NULL,
  `CT_PROCESO` varchar(45) COLLATE utf8mb4_unicode_ci NOT NULL,
  `CT_EMP_ID` int(10) UNSIGNED NOT NULL,
  `CT_PRO_ID` int(10) UNSIGNED NOT NULL
) ENGINE=InnoDB DEFAULT CHARSET=utf8mb4 COLLATE=utf8mb4_unicode_ci;

--
-- Volcado de datos para la tabla `ct_centro_negocio`
--

INSERT INTO `ct_centro_negocio` (`CT_ID`, `CT_PROCESO`, `CT_EMP_ID`, `CT_PRO_ID`) VALUES
(1, 'PROYECTO DE ASESORÍA', 1, 1),
(2, 'MERCADO PÚBLICO', 1, 1),
(3, 'INDUCCIÓN A CLIENTES EN ASESORÍA', 1, 1),
(4, 'PRODUCTOS', 1, 1);

-- --------------------------------------------------------

--
-- Estructura de tabla para la tabla `dcp_documentos_pendientes`
--

CREATE TABLE `dcp_documentos_pendientes` (
  `DCP_ID` int(10) UNSIGNED NOT NULL,
  `DCP_FOLIO` varchar(45) COLLATE utf8mb4_unicode_ci NOT NULL,
  `DCP_GLOSA` varchar(45) COLLATE utf8mb4_unicode_ci NOT NULL,
  `DCP_FECHA` date NOT NULL,
  `DCP_NETO` int(11) NOT NULL,
  `DCP_IVA` int(11) NOT NULL,
  `DCP_TOTAL` int(11) NOT NULL,
  `EMP_EMPRESA_EMP_ID` int(10) UNSIGNED NOT NULL,
  `OT_ORDEN_TRABAJO_OT_ID` int(10) UNSIGNED NOT NULL,
  `TDC_TIPO_DOC_TDC_ID` int(10) UNSIGNED NOT NULL,
  `DCP_EST` int(10) UNSIGNED NOT NULL,
  `DCP_PRO_RUN` varchar(191) COLLATE utf8mb4_unicode_ci NOT NULL
) ENGINE=InnoDB DEFAULT CHARSET=utf8mb4 COLLATE=utf8mb4_unicode_ci;

-- --------------------------------------------------------

--
-- Estructura de tabla para la tabla `doc_documento_rendicion`
--

CREATE TABLE `doc_documento_rendicion` (
  `DOC_ID` int(10) UNSIGNED NOT NULL,
  `DOC_RUT` varchar(10) COLLATE utf8mb4_unicode_ci NOT NULL,
  `DOC_PROVEEDOR` varchar(45) COLLATE utf8mb4_unicode_ci NOT NULL,
  `DOC_FECHA` date DEFAULT NULL,
  `DOC_N_DOC` int(11) DEFAULT NULL,
  `DOC_MONTO` int(11) DEFAULT NULL,
  `DOC_EMP_ID` int(10) UNSIGNED NOT NULL,
  `DOC_SOLICITUD_ID` int(10) UNSIGNED NOT NULL,
  `DOC_TIPO_DOC` int(10) UNSIGNED NOT NULL,
  `DOC_TIPO_GASTO` int(10) UNSIGNED NOT NULL
) ENGINE=InnoDB DEFAULT CHARSET=utf8mb4 COLLATE=utf8mb4_unicode_ci;

-- --------------------------------------------------------

--
-- Estructura de tabla para la tabla `emp_empresa`
--

CREATE TABLE `emp_empresa` (
  `EMP_ID` int(10) UNSIGNED NOT NULL,
  `EMP_DESC` varchar(45) COLLATE utf8mb4_unicode_ci NOT NULL
) ENGINE=InnoDB DEFAULT CHARSET=utf8mb4 COLLATE=utf8mb4_unicode_ci;

--
-- Volcado de datos para la tabla `emp_empresa`
--

INSERT INTO `emp_empresa` (`EMP_ID`, `EMP_DESC`) VALUES
(1, 'BIOGEST'),
(2, 'TRENER '),
(3, 'LOICA '),
(4, 'KUTRALCO'),
(5, 'IMPROTOUR');

-- --------------------------------------------------------

--
-- Estructura de tabla para la tabla `ep_estado_proveedor`
--

CREATE TABLE `ep_estado_proveedor` (
  `EP_ID` int(10) UNSIGNED NOT NULL,
  `EP_DESC` varchar(45) COLLATE utf8mb4_unicode_ci NOT NULL
) ENGINE=InnoDB DEFAULT CHARSET=utf8mb4 COLLATE=utf8mb4_unicode_ci;

--
-- Volcado de datos para la tabla `ep_estado_proveedor`
--

INSERT INTO `ep_estado_proveedor` (`EP_ID`, `EP_DESC`) VALUES
(1, 'OPERATIVO'),
(2, 'DESPEDIDO'),
(3, 'CON LICENCIA');

-- --------------------------------------------------------

--
-- Estructura de tabla para la tabla `esta_estado_ofertas_admin`
--

CREATE TABLE `esta_estado_ofertas_admin` (
  `ESTA_COD` int(10) UNSIGNED NOT NULL,
  `ESTA_DESC` varchar(45) COLLATE utf8mb4_unicode_ci NOT NULL
) ENGINE=InnoDB DEFAULT CHARSET=utf8mb4 COLLATE=utf8mb4_unicode_ci;

--
-- Volcado de datos para la tabla `esta_estado_ofertas_admin`
--

INSERT INTO `esta_estado_ofertas_admin` (`ESTA_COD`, `ESTA_DESC`) VALUES
(1, 'DESHABILITADO'),
(2, 'HABILITADO');

-- --------------------------------------------------------

--
-- Estructura de tabla para la tabla `estp_estado_oferta_prov`
--

CREATE TABLE `estp_estado_oferta_prov` (
  `ESTP_COD` int(10) UNSIGNED NOT NULL,
  `ESTP_DESC` varchar(45) COLLATE utf8mb4_unicode_ci NOT NULL
) ENGINE=InnoDB DEFAULT CHARSET=utf8mb4 COLLATE=utf8mb4_unicode_ci;

--
-- Volcado de datos para la tabla `estp_estado_oferta_prov`
--

INSERT INTO `estp_estado_oferta_prov` (`ESTP_COD`, `ESTP_DESC`) VALUES
(1, 'HABILITADO'),
(2, 'DESHABILITADO');

-- --------------------------------------------------------

--
-- Estructura de tabla para la tabla `est_estado`
--

CREATE TABLE `est_estado` (
  `EST_ID` int(10) UNSIGNED NOT NULL,
  `EST_DESC` varchar(45) COLLATE utf8mb4_unicode_ci NOT NULL
) ENGINE=InnoDB DEFAULT CHARSET=utf8mb4 COLLATE=utf8mb4_unicode_ci;

--
-- Volcado de datos para la tabla `est_estado`
--

INSERT INTO `est_estado` (`EST_ID`, `EST_DESC`) VALUES
(1, 'POR CONCILIAR'),
(2, 'CONCILIADO'),
(3, 'SOLICITADA'),
(4, 'RECHAZADA'),
(5, 'APROBADA'),
(6, 'POR RENDIR'),
(7, 'POR CONCILIAR'),
(8, 'FINALIZADO'),
(9, 'EMITIDA'),
(10, 'PENDIENTE');

-- --------------------------------------------------------

--
-- Estructura de tabla para la tabla `fct_factura`
--

CREATE TABLE `fct_factura` (
  `FCT_ID` int(10) UNSIGNED NOT NULL,
  `FCT_FECHA` date NOT NULL,
  `FCT_FOLIO` varchar(45) COLLATE utf8mb4_unicode_ci NOT NULL,
  `FCT_GLOSA` varchar(45) COLLATE utf8mb4_unicode_ci NOT NULL,
  `FCT_NETO` int(11) NOT NULL,
  `FCT_IVA` int(11) NOT NULL,
  `FACT_TOTAL` int(11) NOT NULL,
  `FCT_EMP_ID` int(10) UNSIGNED NOT NULL,
  `FCT_TP_ID` int(10) UNSIGNED NOT NULL,
  `TDC_TIPO_DOC_TDC_ID` int(10) UNSIGNED NOT NULL,
  `FCT_CLI_RUT` varchar(191) COLLATE utf8mb4_unicode_ci NOT NULL,
  `FCT_EST_ID` int(10) UNSIGNED NOT NULL,
  `FCT_OT_ID` int(10) UNSIGNED NOT NULL
) ENGINE=InnoDB DEFAULT CHARSET=utf8mb4 COLLATE=utf8mb4_unicode_ci;

-- --------------------------------------------------------

--
-- Estructura de tabla para la tabla `fte_fuente`
--

CREATE TABLE `fte_fuente` (
  `FTE_ID` int(10) UNSIGNED NOT NULL,
  `FTE_DESC` varchar(45) COLLATE utf8mb4_unicode_ci NOT NULL
) ENGINE=InnoDB DEFAULT CHARSET=utf8mb4 COLLATE=utf8mb4_unicode_ci;

--
-- Volcado de datos para la tabla `fte_fuente`
--

INSERT INTO `fte_fuente` (`FTE_ID`, `FTE_DESC`) VALUES
(1, 'SOLICITUD DE FONDO'),
(2, 'DEPÓSITO'),
(3, 'RECEPCIÓN TRANSFERENCIA'),
(4, 'GIRO'),
(5, 'DESCUENTO AUTOMÁTICO');

-- --------------------------------------------------------

--
-- Estructura de tabla para la tabla `inv_act_activos_internos`
--

CREATE TABLE `inv_act_activos_internos` (
  `ACT_ID` int(10) UNSIGNED NOT NULL,
  `ACT_DESC` varchar(45) COLLATE utf8mb4_unicode_ci NOT NULL,
  `ACT_INFO` text COLLATE utf8mb4_unicode_ci NOT NULL,
  `ACT_MARCA` varchar(45) COLLATE utf8mb4_unicode_ci NOT NULL,
  `ACT_ESTADO` varchar(45) COLLATE utf8mb4_unicode_ci NOT NULL,
  `ACT_FECHA_INGRESO` date NOT NULL,
  `ACT_VALOR_COMPRA` int(11) NOT NULL,
  `ACT_TASA_DESPRECIACION` int(11) NOT NULL,
  `ACT_VALOR_ACTUAL` int(11) NOT NULL,
  `ACT_SEGUROS` text COLLATE utf8mb4_unicode_ci NOT NULL,
  `ACT_VALOR_DE_SALVAMENTO` int(11) NOT NULL,
  `ACT_VIGENCIA` int(11) NOT NULL
) ENGINE=InnoDB DEFAULT CHARSET=utf8mb4 COLLATE=utf8mb4_unicode_ci;

-- --------------------------------------------------------

--
-- Estructura de tabla para la tabla `inv_art_articulos`
--

CREATE TABLE `inv_art_articulos` (
  `ART_ID` int(10) UNSIGNED NOT NULL,
  `ART_DESC` varchar(191) COLLATE utf8mb4_unicode_ci NOT NULL,
  `ART_COSTO` int(11) NOT NULL,
  `ART_MARCA` varchar(191) COLLATE utf8mb4_unicode_ci NOT NULL,
  `ART_TIPO` varchar(191) COLLATE utf8mb4_unicode_ci NOT NULL,
  `ART_CANTIDAD` varchar(191) COLLATE utf8mb4_unicode_ci NOT NULL,
  `ART_OC_COD` int(10) UNSIGNED NOT NULL
) ENGINE=InnoDB DEFAULT CHARSET=utf8mb4 COLLATE=utf8mb4_unicode_ci;

-- --------------------------------------------------------

--
-- Estructura de tabla para la tabla `inv_fol_folio_orden_de_compra`
--

CREATE TABLE `inv_fol_folio_orden_de_compra` (
  `FOL_COD` int(10) UNSIGNED NOT NULL,
  `FOL_N_FOLIO` int(11) NOT NULL,
  `FOL_EMP_ID` int(10) UNSIGNED NOT NULL,
  `FOL_OC_COD` int(10) UNSIGNED NOT NULL
) ENGINE=InnoDB DEFAULT CHARSET=utf8mb4 COLLATE=utf8mb4_unicode_ci;

-- --------------------------------------------------------

--
-- Estructura de tabla para la tabla `inv_fp_forma_de_pago`
--

CREATE TABLE `inv_fp_forma_de_pago` (
  `FP_ID` int(10) UNSIGNED NOT NULL,
  `FP_DESC` varchar(45) COLLATE utf8mb4_unicode_ci NOT NULL
) ENGINE=InnoDB DEFAULT CHARSET=utf8mb4 COLLATE=utf8mb4_unicode_ci;

-- --------------------------------------------------------

--
-- Estructura de tabla para la tabla `inv_gd_guia_despacho`
--

CREATE TABLE `inv_gd_guia_despacho` (
  `GD_COD` int(10) UNSIGNED NOT NULL,
  `GD_DIRECCION_ENTREGA` varchar(45) COLLATE utf8mb4_unicode_ci NOT NULL,
  `GD_EMPRESA_PAQUETERIA` varchar(45) COLLATE utf8mb4_unicode_ci NOT NULL,
  `GD_NUMERO_SEGUIMIENTO` varchar(45) COLLATE utf8mb4_unicode_ci NOT NULL,
  `GD_OC_COD` int(10) UNSIGNED NOT NULL,
  `GD_ESTADO` varchar(45) COLLATE utf8mb4_unicode_ci NOT NULL
) ENGINE=InnoDB DEFAULT CHARSET=utf8mb4 COLLATE=utf8mb4_unicode_ci;

-- --------------------------------------------------------

--
-- Estructura de tabla para la tabla `inv_ins_insumos`
--

CREATE TABLE `inv_ins_insumos` (
  `INS_COD` int(10) UNSIGNED NOT NULL,
  `INS_DESC` varchar(191) COLLATE utf8mb4_unicode_ci NOT NULL,
  `INS_PRO_RUN` varchar(10) COLLATE utf8mb4_unicode_ci NOT NULL,
  `INS_INFO` varchar(191) COLLATE utf8mb4_unicode_ci NOT NULL,
  `INS_MARCA` varchar(191) COLLATE utf8mb4_unicode_ci NOT NULL,
  `INS_TIPO` varchar(191) COLLATE utf8mb4_unicode_ci NOT NULL,
  `INS_CANTIDAD` varchar(191) COLLATE utf8mb4_unicode_ci NOT NULL,
  `INS_COSTO` int(11) NOT NULL
) ENGINE=InnoDB DEFAULT CHARSET=utf8mb4 COLLATE=utf8mb4_unicode_ci;

-- --------------------------------------------------------

--
-- Estructura de tabla para la tabla `inv_lvp_lista_venta_producto`
--

CREATE TABLE `inv_lvp_lista_venta_producto` (
  `LVP_V_ID` int(10) UNSIGNED NOT NULL,
  `LVP_PROD_COD` int(10) UNSIGNED NOT NULL,
  `LVP_PROD_CANTIDAD` int(11) NOT NULL,
  `LVP_TOTAL_VENTA` int(11) NOT NULL
) ENGINE=InnoDB DEFAULT CHARSET=utf8mb4 COLLATE=utf8mb4_unicode_ci;

-- --------------------------------------------------------

--
-- Estructura de tabla para la tabla `inv_lvs_lista_venta_servicios`
--

CREATE TABLE `inv_lvs_lista_venta_servicios` (
  `LVS_V_ID` int(10) UNSIGNED NOT NULL,
  `LVS_SER_COD` int(10) UNSIGNED NOT NULL,
  `LVS_SER_CANTIDAD` int(11) NOT NULL,
  `LVS_TOTAL_VENTA` int(11) NOT NULL
) ENGINE=InnoDB DEFAULT CHARSET=utf8mb4 COLLATE=utf8mb4_unicode_ci;

-- --------------------------------------------------------

--
-- Estructura de tabla para la tabla `inv_oc_orden_de_compra`
--

CREATE TABLE `inv_oc_orden_de_compra` (
  `OC_COD` int(10) UNSIGNED NOT NULL,
  `OC_PRO_RUN` varchar(10) COLLATE utf8mb4_unicode_ci NOT NULL,
  `OC_ARTICULO_ID` int(11) NOT NULL,
  `OC_FECHA_CREACION` date NOT NULL,
  `OC_CANTIDAD` int(11) NOT NULL,
  `OC_TOTAL` int(11) NOT NULL,
  `OC_ESTADO` varchar(45) COLLATE utf8mb4_unicode_ci NOT NULL,
  `OC_EJECUCION` varchar(45) COLLATE utf8mb4_unicode_ci NOT NULL
) ENGINE=InnoDB DEFAULT CHARSET=utf8mb4 COLLATE=utf8mb4_unicode_ci;

-- --------------------------------------------------------

--
-- Estructura de tabla para la tabla `inv_prod_productos`
--

CREATE TABLE `inv_prod_productos` (
  `PROD_COD` int(10) UNSIGNED NOT NULL,
  `PROD_PRO_RUN` varchar(10) COLLATE utf8mb4_unicode_ci NOT NULL,
  `PROD_DESC` varchar(45) COLLATE utf8mb4_unicode_ci NOT NULL,
  `PROD_INFO` varchar(45) COLLATE utf8mb4_unicode_ci NOT NULL,
  `PROD_MARCA` varchar(45) COLLATE utf8mb4_unicode_ci NOT NULL,
  `PROD_PRECIO_VENTA` int(11) NOT NULL,
  `PROD_PRECIO_COSTO` int(11) NOT NULL,
  `PROD_CODIGO_BARRA` varchar(45) COLLATE utf8mb4_unicode_ci NOT NULL,
  `PROD_EXISTENCIAS` int(11) NOT NULL,
  `PROD_URL_FOTO` varchar(191) COLLATE utf8mb4_unicode_ci NOT NULL,
  `PROD_COMISION` int(11) NOT NULL,
  `PROD_FECHA_CREACION` date NOT NULL,
  `PROD_MONEDA_VENTA` varchar(191) COLLATE utf8mb4_unicode_ci NOT NULL,
  `PROD_IMPUESTO` int(11) NOT NULL,
  `PROD_GARANTIAS` varchar(45) COLLATE utf8mb4_unicode_ci NOT NULL,
  `PROD_PUBLICO_OBJETIVO` varchar(45) COLLATE utf8mb4_unicode_ci NOT NULL,
  `PROD_ESTADO` varchar(45) COLLATE utf8mb4_unicode_ci NOT NULL,
  `PROD_MARGEN` int(11) NOT NULL,
  `PROD_COMISION_VENTA` int(11) NOT NULL,
  `PROD_DSCTO_MAX` int(11) NOT NULL
) ENGINE=InnoDB DEFAULT CHARSET=utf8mb4 COLLATE=utf8mb4_unicode_ci;

-- --------------------------------------------------------

--
-- Estructura de tabla para la tabla `inv_ri_retiro_insumos`
--

CREATE TABLE `inv_ri_retiro_insumos` (
  `RI_ID` int(10) UNSIGNED NOT NULL,
  `RI_INS_COD` int(10) UNSIGNED NOT NULL,
  `RI_PRO_RUN` varchar(10) COLLATE utf8mb4_unicode_ci NOT NULL,
  `RI_FECHA_SOLICITUD` date NOT NULL,
  `RI_FECHA_ENTREGA` date NOT NULL,
  `RI_ESTADO` varchar(45) COLLATE utf8mb4_unicode_ci NOT NULL,
  `RI_MOTIVO` varchar(191) COLLATE utf8mb4_unicode_ci NOT NULL,
  `RI_CANTIDAD` int(11) NOT NULL,
  `RI_TOTAL` int(11) NOT NULL
) ENGINE=InnoDB DEFAULT CHARSET=utf8mb4 COLLATE=utf8mb4_unicode_ci;

-- --------------------------------------------------------

--
-- Estructura de tabla para la tabla `inv_ser_servicios`
--

CREATE TABLE `inv_ser_servicios` (
  `SER_COD` int(10) UNSIGNED NOT NULL,
  `SER_PRO_RUN` varchar(9) COLLATE utf8mb4_unicode_ci NOT NULL,
  `SER_DESC` varchar(45) COLLATE utf8mb4_unicode_ci NOT NULL,
  `SER_ESTADO` varchar(45) COLLATE utf8mb4_unicode_ci NOT NULL,
  `SER_UNIDAD_MEDIDA` varchar(45) COLLATE utf8mb4_unicode_ci NOT NULL,
  `SER_PRECIO_COSTO` int(11) NOT NULL,
  `SER_PRECIO_VENTA` int(11) NOT NULL,
  `SER_CANTIDAD` int(11) NOT NULL,
  `SER_TIEMPO_EJECUCION` varchar(191) COLLATE utf8mb4_unicode_ci NOT NULL,
  `SER_GARANTIAS` varchar(191) COLLATE utf8mb4_unicode_ci NOT NULL,
  `SER_PUBLICO_OBJETIVO` varchar(191) COLLATE utf8mb4_unicode_ci NOT NULL,
  `SER_CAPACIDAD_EJECUCION` varchar(191) COLLATE utf8mb4_unicode_ci NOT NULL,
  `SER_IMPUESTO` int(11) NOT NULL,
  `SER_FECHA_CREACION` date NOT NULL,
  `SER_MONEDA_VENTA` varchar(191) COLLATE utf8mb4_unicode_ci NOT NULL,
  `SER_MARGEN` int(11) NOT NULL,
  `SER_COMISION_VENTA` int(11) NOT NULL,
  `SER_DESCTO_MAX` int(11) NOT NULL
) ENGINE=InnoDB DEFAULT CHARSET=utf8mb4 COLLATE=utf8mb4_unicode_ci;

-- --------------------------------------------------------

--
-- Estructura de tabla para la tabla `inv_v_voucher`
--

CREATE TABLE `inv_v_voucher` (
  `V_ID` int(10) UNSIGNED NOT NULL,
  `V_FECHA` date NOT NULL,
  `V_TOTAL_BRUTO` int(11) NOT NULL,
  `V_TOTAL_NETO` int(11) NOT NULL,
  `V_TOTAL_COMISION` int(11) NOT NULL,
  `V_IVA` int(11) NOT NULL,
  `V_PRO_RUN` varchar(10) COLLATE utf8mb4_unicode_ci NOT NULL,
  `V_FP_ID` int(10) UNSIGNED NOT NULL,
  `V_ESTADO` varchar(45) COLLATE utf8mb4_unicode_ci NOT NULL
) ENGINE=InnoDB DEFAULT CHARSET=utf8mb4 COLLATE=utf8mb4_unicode_ci;

-- --------------------------------------------------------

--
-- Estructura de tabla para la tabla `migrations`
--

CREATE TABLE `migrations` (
  `id` int(10) UNSIGNED NOT NULL,
  `migration` varchar(191) COLLATE utf8mb4_unicode_ci NOT NULL,
  `batch` int(11) NOT NULL
) ENGINE=InnoDB DEFAULT CHARSET=utf8mb4 COLLATE=utf8mb4_unicode_ci;

-- --------------------------------------------------------

--
-- Estructura de tabla para la tabla `ofar_oferta_articulos`
--

CREATE TABLE `ofar_oferta_articulos` (
  `OFAR_ID` int(10) UNSIGNED NOT NULL,
  `OFAR_DESC` text COLLATE utf8mb4_unicode_ci NOT NULL,
  `OFAR_RAZON_COBRO` varchar(45) COLLATE utf8mb4_unicode_ci NOT NULL,
  `OFAR_DIAS_ENTREGA` text COLLATE utf8mb4_unicode_ci NOT NULL,
  `OFAR_HORARIO_ENT_INI` time NOT NULL,
  `OFAR_HORARIO_ENT_FIN` time NOT NULL,
  `OFAR_CAPACIDAD` text COLLATE utf8mb4_unicode_ci NOT NULL,
  `OFAR_VALOR` int(11) NOT NULL,
  `OFAR_CALIFICACION` varchar(45) COLLATE utf8mb4_unicode_ci DEFAULT NULL,
  `OFAR_COMENTARIO` text COLLATE utf8mb4_unicode_ci,
  `OFAR_PRO_RUN` varchar(10) COLLATE utf8mb4_unicode_ci NOT NULL,
  `OFAR_ESTA_ID` int(10) UNSIGNED NOT NULL,
  `OFAR_ESTP_ID` int(10) UNSIGNED NOT NULL,
  `OFAR_OR_COD` int(10) UNSIGNED NOT NULL
) ENGINE=InnoDB DEFAULT CHARSET=utf8mb4 COLLATE=utf8mb4_unicode_ci;

-- --------------------------------------------------------

--
-- Estructura de tabla para la tabla `ofser_oferta_servicio`
--

CREATE TABLE `ofser_oferta_servicio` (
  `OFSER_COD` int(10) UNSIGNED NOT NULL,
  `OFSER_DESCRIPCION` text COLLATE utf8mb4_unicode_ci NOT NULL,
  `OFSER_DIAS_LABORALES` varchar(90) COLLATE utf8mb4_unicode_ci NOT NULL,
  `OFSER_HORARIOS_TRABAJO_INI` time NOT NULL,
  `OFSER_HORARIOS_TRABAJO_FIN` time NOT NULL,
  `OFSER_COBERTURA_SERVICIO` varchar(45) COLLATE utf8mb4_unicode_ci NOT NULL,
  `OFSER_RAZ_COBRO` varchar(45) COLLATE utf8mb4_unicode_ci NOT NULL,
  `OFSER_VALOR` varchar(45) COLLATE utf8mb4_unicode_ci NOT NULL,
  `OFSER_CALIFICACION` varchar(45) COLLATE utf8mb4_unicode_ci DEFAULT NULL,
  `OFSER_COMENTARIO` text COLLATE utf8mb4_unicode_ci,
  `OFSER_PRO_RUN` varchar(10) COLLATE utf8mb4_unicode_ci NOT NULL,
  `OFSER_ESTA_ID` int(10) UNSIGNED NOT NULL,
  `OFSER_ESTP_ID` int(10) UNSIGNED NOT NULL,
  `OFSER_OR_COD` int(10) UNSIGNED NOT NULL
) ENGINE=InnoDB DEFAULT CHARSET=utf8mb4 COLLATE=utf8mb4_unicode_ci;

-- --------------------------------------------------------

--
-- Estructura de tabla para la tabla `or_orientacion`
--

CREATE TABLE `or_orientacion` (
  `OR_COD` int(10) UNSIGNED NOT NULL,
  `OR_DESC` varchar(45) COLLATE utf8mb4_unicode_ci NOT NULL
) ENGINE=InnoDB DEFAULT CHARSET=utf8mb4 COLLATE=utf8mb4_unicode_ci;

--
-- Volcado de datos para la tabla `or_orientacion`
--

INSERT INTO `or_orientacion` (`OR_COD`, `OR_DESC`) VALUES
(1, 'Turismo'),
(2, 'Ingeniería'),
(3, 'Administración'),
(4, 'Producción Gráfica');

-- --------------------------------------------------------

--
-- Estructura de tabla para la tabla `ot_orden_trabajo`
--

CREATE TABLE `ot_orden_trabajo` (
  `OT_ID` int(10) UNSIGNED NOT NULL,
  `OT_OC` varchar(45) COLLATE utf8mb4_unicode_ci NOT NULL,
  `OT_DESC` text COLLATE utf8mb4_unicode_ci NOT NULL,
  `OT_FECHA_INI` date NOT NULL,
  `OT_FECHA_FIN` date DEFAULT NULL,
  `OT_MONTO_NETO` int(11) NOT NULL,
  `OT_MARGEN_CASH` int(11) DEFAULT NULL,
  `OT_MARGEN_PORCENTUAL` double(8,2) DEFAULT NULL,
  `OT_CLI_RUT` varchar(191) COLLATE utf8mb4_unicode_ci NOT NULL,
  `OT_PER_RUT_ENCARGADO` varchar(10) COLLATE utf8mb4_unicode_ci DEFAULT NULL,
  `OT_CENTRO_NEGOCIO_ID` int(10) UNSIGNED NOT NULL,
  `OT_EST_ID` int(10) UNSIGNED NOT NULL
) ENGINE=InnoDB DEFAULT CHARSET=utf8mb4 COLLATE=utf8mb4_unicode_ci;

--
-- Volcado de datos para la tabla `ot_orden_trabajo`
--

INSERT INTO `ot_orden_trabajo` (`OT_ID`, `OT_OC`, `OT_DESC`, `OT_FECHA_INI`, `OT_FECHA_FIN`, `OT_MONTO_NETO`, `OT_MARGEN_CASH`, `OT_MARGEN_PORCENTUAL`, `OT_CLI_RUT`, `OT_PER_RUT_ENCARGADO`, `OT_CENTRO_NEGOCIO_ID`, `OT_EST_ID`) VALUES
(1, '10529546', 'Caterpillar.', '1995-10-22', NULL, 152118, 0, NULL, '10197114', '16512070-5', 3, 2),
(2, '11753991', 'But they HAVE.', '1973-03-20', NULL, 167672, 0, NULL, '17741322', '16512070-5', 2, 8),
(3, '13161211', 'Knave. The.', '2009-01-29', NULL, 156599, 0, NULL, '15259132', '16512070-5', 4, 10),
(4, '17290724', 'The.', '1982-01-24', NULL, 142730, 0, NULL, '17444000', '16512070-5', 4, 6),
(5, '17250123', 'I could.', '1978-06-29', NULL, 115036, 0, NULL, '11856796', '16512070-5', 2, 4),
(6, '14555148', 'WHAT?\'.', '2012-12-30', NULL, 158082, 0, NULL, '11766851', '16512070-5', 4, 8),
(7, '12593558', 'And she.', '1987-01-26', NULL, 134200, 0, NULL, '16611778', '16512070-5', 4, 8),
(8, '13844880', 'At last the.', '1991-12-12', NULL, 124934, 0, NULL, '12039469', '16512070-5', 1, 6),
(9, '13503875', 'Those.', '1975-11-18', NULL, 146233, 0, NULL, '11501902', '16512070-5', 1, 1),
(10, '16054711', 'WILL do.', '1986-11-10', NULL, 127065, 0, NULL, '19142567', '16512070-5', 4, 8),
(11, '19920724', 'Hatter. \'I deny.', '1990-03-04', NULL, 101218, 0, NULL, '10179722', '16512070-5', 1, 8),
(12, '12704716', 'Alice.', '2000-02-26', NULL, 182753, 0, NULL, '19260094', '16512070-5', 4, 10),
(13, '13606600', 'Queen\'s hedgehog.', '1992-10-16', NULL, 154316, 0, NULL, '15259132', '16512070-5', 2, 9),
(14, '15589737', 'Alice could.', '1998-09-19', NULL, 184193, 0, NULL, '10333492', '16512070-5', 4, 6),
(15, '17615229', 'It sounded.', '1974-03-17', NULL, 171462, 0, NULL, '15331066', '16512070-5', 4, 2),
(16, '13042114', 'Bill,\'.', '2013-12-01', NULL, 183406, 0, NULL, '12878522', '16512070-5', 4, 1),
(17, '19331611', 'Alice as he.', '1978-03-27', NULL, 109040, 0, NULL, '10130609', '16512070-5', 1, 1),
(18, '19158042', 'All the time.', '1989-10-06', NULL, 136752, 0, NULL, '18929878', '16512070-5', 2, 2),
(19, '17373506', 'The baby.', '1995-12-17', NULL, 141357, 0, NULL, '10333492', '16512070-5', 4, 6),
(20, '18291114', 'AND.', '1974-02-02', NULL, 168093, 0, NULL, '11857379', '16512070-5', 4, 9),
(21, '16632844', 'AND.', '1984-03-29', NULL, 120511, 0, NULL, '18351509', '16512070-5', 4, 4),
(22, '12222702', 'FIT you,\' said.', '1988-01-05', NULL, 117089, 0, NULL, '11363551', '16512070-5', 4, 10),
(23, '19655992', 'Though they were.', '1985-06-26', NULL, 121864, 0, NULL, '15259132', '16512070-5', 4, 6),
(24, '18488375', 'Alice as.', '1999-09-17', NULL, 139735, 0, NULL, '14558951', '16512070-5', 2, 2),
(25, '10047220', 'Duchess.', '1999-04-17', NULL, 198974, 0, NULL, '15536142', '16512070-5', 2, 1),
(26, '10922093', 'Alice.', '2009-02-19', NULL, 111215, 0, NULL, '10243869', '16512070-5', 2, 6),
(27, '10359951', 'Alice, \'to.', '1972-08-11', NULL, 120196, 0, NULL, '19631684', '16512070-5', 3, 8),
(28, '17083865', 'Mock Turtle.', '1994-10-02', NULL, 108126, 0, NULL, '14397835', '16512070-5', 2, 6),
(29, '10523140', 'Tillie; and.', '1974-05-15', NULL, 118559, 0, NULL, '14144238', '16512070-5', 2, 8),
(30, '15737426', 'As she.', '1972-12-17', NULL, 187951, 0, NULL, '11824170', '16512070-5', 1, 6),
(31, '14690336', 'YOU are.', '1978-11-13', NULL, 195340, 0, NULL, '17941780', '16512070-5', 2, 7),
(32, '10238122', 'I must be a.', '1975-08-20', NULL, 177501, 0, NULL, '10475749', '16512070-5', 4, 9),
(33, '17195948', 'YOU?\' Which.', '2001-03-11', NULL, 142872, 0, NULL, '15331066', '16512070-5', 3, 3),
(34, '18714897', 'He looked.', '2011-07-02', NULL, 118790, 0, NULL, '18628244', '16512070-5', 1, 8),
(35, '12379938', 'Oh, my dear.', '1998-01-27', NULL, 149910, 0, NULL, '19806470', '16512070-5', 4, 2),
(36, '15353879', 'One,\' said.', '1974-08-05', NULL, 187292, 0, NULL, '10333492', '16512070-5', 1, 9),
(37, '13343893', 'Queen..', '2006-12-12', NULL, 163369, 0, NULL, '11619846', '16512070-5', 1, 2),
(38, '18333063', 'However, on.', '2000-07-13', NULL, 191732, 0, NULL, '14891506', '16512070-5', 4, 10),
(39, '11342540', 'March Hare..', '1994-10-17', NULL, 187781, 0, NULL, '17444000', '16512070-5', 4, 6),
(40, '18911458', 'Nobody moved..', '1989-09-26', NULL, 186778, 0, NULL, '17364700', '16512070-5', 2, 8),
(41, '13130732', 'Alice was very.', '2003-07-12', NULL, 154080, 0, NULL, '18430901', '16512070-5', 4, 4),
(42, '12465996', 'Hatter.', '1986-04-13', NULL, 193446, 0, NULL, '11856796', '16512070-5', 3, 5),
(43, '13409396', 'Dormouse!\' And.', '1983-06-01', NULL, 159396, 0, NULL, '12878522', '16512070-5', 2, 10),
(44, '10881792', 'King; \'and.', '2003-11-17', NULL, 151630, 0, NULL, '15259132', '16512070-5', 3, 5),
(45, '13982709', 'So she set to.', '1995-10-29', NULL, 123579, 0, NULL, '12694568', '16512070-5', 2, 6),
(46, '15367621', 'What would.', '1992-12-23', NULL, 181053, 0, NULL, '16611778', '16512070-5', 3, 8),
(47, '12045087', 'Dormouse:.', '2015-08-15', NULL, 168031, 0, NULL, '13862550', '16512070-5', 1, 3),
(48, '13900128', 'Would.', '2017-04-02', NULL, 155253, 0, NULL, '12694568', '16512070-5', 2, 7),
(49, '15474382', 'Hatter. \'I deny.', '1977-12-25', NULL, 102488, 0, NULL, '19142567', '16512070-5', 3, 5),
(50, '10731785', 'Mouse.', '2012-01-31', NULL, 106909, 0, NULL, '11363551', '16512070-5', 4, 7),
(51, '14493248', 'King, with.', '2017-12-25', NULL, 136748, 0, NULL, '13426144', '16512070-5', 3, 3),
(52, '19801246', 'Conqueror, whose.', '1975-11-22', NULL, 165783, 0, NULL, '18754555', '16512070-5', 3, 4),
(53, '14454270', 'March Hare.', '1977-12-05', NULL, 145415, 0, NULL, '16305784', '16512070-5', 3, 2),
(54, '18983955', 'I didn\'t know.', '1972-06-28', NULL, 171197, 0, NULL, '13862550', '16512070-5', 2, 4),
(55, '15470913', 'Alice thought.', '2013-03-31', NULL, 155625, 0, NULL, '16611778', '16512070-5', 4, 10),
(56, '14774390', 'Mock Turtle..', '2012-10-21', NULL, 160159, 0, NULL, '16755577', '16512070-5', 4, 2),
(57, '17196795', 'She pitied him.', '1988-09-27', NULL, 174616, 0, NULL, '12208557', '16512070-5', 2, 9),
(58, '10441271', 'Alice, \'how.', '1978-07-01', NULL, 145041, 0, NULL, '18338907', '16512070-5', 1, 3),
(59, '17699406', 'Alice was very.', '1976-05-29', NULL, 170215, 0, NULL, '10475749', '16512070-5', 3, 7),
(60, '10819954', 'What made you so.', '1984-01-13', NULL, 149668, 0, NULL, '17360629', '16512070-5', 2, 7),
(61, '13585384', 'I wish you.', '1970-09-28', NULL, 148657, 0, NULL, '10262729', '16512070-5', 4, 7),
(62, '18243943', 'March Hare went.', '2003-12-27', NULL, 169776, 0, NULL, '17941780', '16512070-5', 3, 8),
(63, '19910990', 'Canterbury.', '2000-01-12', NULL, 115907, 0, NULL, '17933189', '16512070-5', 2, 8),
(64, '19500504', 'Duchess; \'and.', '2012-05-20', NULL, 141843, 0, NULL, '12174287', '16512070-5', 3, 7),
(65, '10892147', 'King. \'It.', '2007-08-02', NULL, 151256, 0, NULL, '10279903', '16512070-5', 3, 5),
(66, '16940266', 'Alice thought.', '2013-10-27', NULL, 134940, 0, NULL, '14891506', '16512070-5', 3, 8),
(67, '10046554', 'Dinah.', '2012-11-04', NULL, 153440, 0, NULL, '19481496', '16512070-5', 1, 7),
(68, '16771897', 'Then followed.', '1988-10-13', NULL, 150073, 0, NULL, '15085622', '16512070-5', 2, 3),
(69, '12886661', 'They\'re.', '2005-06-24', NULL, 132505, 0, NULL, '10262729', '16512070-5', 2, 8),
(70, '18891823', 'Hatter asked.', '1990-01-08', NULL, 139006, 0, NULL, '10576099', '16512070-5', 1, 1),
(71, '15834999', 'Alice.', '2003-08-18', NULL, 143422, 0, NULL, '15331066', '16512070-5', 1, 8),
(72, '12359113', 'DON\'T know,\'.', '2009-09-17', NULL, 146691, 0, NULL, '19430538', '16512070-5', 4, 4),
(73, '10641594', 'Table.', '1996-04-26', NULL, 139937, 0, NULL, '19806470', '16512070-5', 3, 7),
(74, '19308759', 'I know who I.', '2013-06-27', NULL, 196597, 0, NULL, '19260094', '16512070-5', 4, 5),
(75, '14858803', 'Alice. \'I\'ve.', '1970-03-10', NULL, 116701, 0, NULL, '18351509', '16512070-5', 1, 6),
(76, '15094128', 'Mock.', '1994-04-05', NULL, 133447, 0, NULL, '19218389', '16512070-5', 4, 3),
(77, '11559305', 'As she said.', '1985-09-26', NULL, 144024, 0, NULL, '11856796', '16512070-5', 2, 9),
(78, '10739039', 'Alice, \'they\'re.', '1975-05-04', NULL, 163600, 0, NULL, '15536142', '16512070-5', 2, 7),
(79, '12137632', 'But do cats eat.', '2011-10-21', NULL, 134463, 0, NULL, '10279903', '16512070-5', 4, 8),
(80, '18296605', 'Alice.', '1999-08-23', NULL, 194461, 0, NULL, '15331066', '16512070-5', 1, 10),
(81, '13571501', 'March.', '2017-03-31', NULL, 153868, 0, NULL, '18351509', '16512070-5', 3, 1),
(82, '13703352', 'King.', '2016-09-16', NULL, 136613, 0, NULL, '13426144', '16512070-5', 3, 6),
(83, '15606033', 'Hatter.', '1988-03-06', NULL, 156941, 0, NULL, '10130609', '16512070-5', 2, 4),
(84, '11679251', 'Alice.', '1981-05-09', NULL, 180217, 0, NULL, '14119469', '16512070-5', 3, 9),
(85, '18668733', 'Alice looked.', '1992-09-20', NULL, 134719, 0, NULL, '15819711', '16512070-5', 3, 9),
(86, '14331043', 'I know is.', '1984-03-07', NULL, 157622, 0, NULL, '18430901', '16512070-5', 3, 3),
(87, '10751217', 'White Rabbit.', '1986-01-25', NULL, 138184, 0, NULL, '19481496', '16512070-5', 4, 9),
(88, '16413006', 'I never knew.', '1971-08-12', NULL, 158011, 0, NULL, '13862550', '16512070-5', 1, 9),
(89, '13460113', 'YOU?\' said.', '2014-12-28', NULL, 137619, 0, NULL, '17449401', '16512070-5', 2, 1),
(90, '19365635', 'Mock Turtle.', '1975-01-29', NULL, 113956, 0, NULL, '19447945', '16512070-5', 2, 5),
(91, '18477024', 'Conqueror.', '2002-09-19', NULL, 165940, 0, NULL, '11363551', '16512070-5', 1, 4),
(92, '11580318', 'ME\' beautifully.', '1995-12-13', NULL, 188683, 0, NULL, '12226940', '16512070-5', 4, 10),
(93, '14826176', 'Hatter continued.', '2015-09-23', NULL, 118151, 0, NULL, '10475749', '16512070-5', 2, 9),
(94, '12320942', 'And.', '2007-10-28', NULL, 171228, 0, NULL, '19806470', '16512070-5', 1, 1),
(95, '14577789', 'Queen. \'Their.', '2014-05-21', NULL, 188365, 0, NULL, '10091065', '16512070-5', 2, 8),
(96, '18868057', 'Alice.', '1993-04-27', NULL, 122273, 0, NULL, '15085622', '16512070-5', 2, 10),
(97, '17770473', 'Cat, and.', '1982-11-23', NULL, 157764, 0, NULL, '12878522', '16512070-5', 3, 10),
(98, '16183582', 'Alice said very.', '1988-04-21', NULL, 106643, 0, NULL, '11619846', '16512070-5', 2, 4),
(99, '19810056', 'Alice could.', '1980-01-02', NULL, 102959, 0, NULL, '18082590', '16512070-5', 4, 9),
(100, '18644264', 'Hatter..', '2010-12-21', NULL, 102389, 0, NULL, '15243913', '16512070-5', 3, 1);

-- --------------------------------------------------------

--
-- Estructura de tabla para la tabla `pai_pais`
--

CREATE TABLE `pai_pais` (
  `PAI_COD` int(10) UNSIGNED NOT NULL,
  `PAI_DESC` varchar(45) COLLATE utf8mb4_unicode_ci NOT NULL
) ENGINE=InnoDB DEFAULT CHARSET=utf8mb4 COLLATE=utf8mb4_unicode_ci;

--
-- Volcado de datos para la tabla `pai_pais`
--

INSERT INTO `pai_pais` (`PAI_COD`, `PAI_DESC`) VALUES
(1, 'CHILE'),
(2, 'OTROS PAÍSES');

-- --------------------------------------------------------

--
-- Estructura de tabla para la tabla `password_resets`
--

CREATE TABLE `password_resets` (
  `email` varchar(191) COLLATE utf8mb4_unicode_ci NOT NULL,
  `token` varchar(191) COLLATE utf8mb4_unicode_ci NOT NULL,
  `created_at` timestamp NULL DEFAULT NULL
) ENGINE=InnoDB DEFAULT CHARSET=utf8mb4 COLLATE=utf8mb4_unicode_ci;

-- --------------------------------------------------------

--
-- Estructura de tabla para la tabla `prod_productos`
--

CREATE TABLE `prod_productos` (
  `PROD_COD` int(10) UNSIGNED NOT NULL,
  `PROD_DESC` varchar(45) COLLATE utf8mb4_unicode_ci NOT NULL,
  `PROD_INFO` text COLLATE utf8mb4_unicode_ci NOT NULL,
  `PROD_MARCA` varchar(45) COLLATE utf8mb4_unicode_ci NOT NULL,
  `PROD_PRECIO_VENTA` int(11) NOT NULL,
  `PROD_PRECIO_COSTO` int(11) NOT NULL,
  `PROD_CODIGO_BARRA` varchar(45) COLLATE utf8mb4_unicode_ci NOT NULL,
  `PROD_EXISTENCIAS` int(11) NOT NULL,
  `PROD_URL_FOTO` text COLLATE utf8mb4_unicode_ci NOT NULL,
  `PROD_COMISION` int(11) NOT NULL,
  `PROD_FECHA_CREACION` date NOT NULL,
  `PROD_MONEDA_VENTA` varchar(45) COLLATE utf8mb4_unicode_ci NOT NULL,
  `PROD_IMPUESTO` int(11) NOT NULL,
  `PROD_GARANTIAS` varchar(45) COLLATE utf8mb4_unicode_ci NOT NULL,
  `PROD_PUBLICO_OBJETIVO` varchar(45) COLLATE utf8mb4_unicode_ci NOT NULL,
  `PROD_ESTADO` varchar(45) COLLATE utf8mb4_unicode_ci NOT NULL,
  `PROD_PRO_RUN` varchar(10) COLLATE utf8mb4_unicode_ci NOT NULL
) ENGINE=InnoDB DEFAULT CHARSET=utf8mb4 COLLATE=utf8mb4_unicode_ci;

-- --------------------------------------------------------

--
-- Estructura de tabla para la tabla `pro_proceso`
--

CREATE TABLE `pro_proceso` (
  `PRO_ID` int(10) UNSIGNED NOT NULL,
  `PRO_JERARQUIA` int(11) NOT NULL,
  `PRO_DESC` varchar(45) COLLATE utf8mb4_unicode_ci NOT NULL
) ENGINE=InnoDB DEFAULT CHARSET=utf8mb4 COLLATE=utf8mb4_unicode_ci;

--
-- Volcado de datos para la tabla `pro_proceso`
--

INSERT INTO `pro_proceso` (`PRO_ID`, `PRO_JERARQUIA`, `PRO_DESC`) VALUES
(1, 1, 'EVALUADO'),
(2, 2, 'EN PROCESO'),
(3, 3, 'PREPARANDO INFORMES'),
(4, 4, 'POR APROBAR CLIENTE'),
(5, 5, 'POR COBRAR'),
(6, 6, 'FINALIZADO');

-- --------------------------------------------------------

--
-- Estructura de tabla para la tabla `pro_proveedor`
--

CREATE TABLE `pro_proveedor` (
  `PRO_RUN` varchar(10) COLLATE utf8mb4_unicode_ci NOT NULL,
  `PRO_NOMBRE` varchar(45) COLLATE utf8mb4_unicode_ci NOT NULL,
  `PRO_APE_PAT` varchar(45) COLLATE utf8mb4_unicode_ci DEFAULT NULL,
  `PRO_APE_MAT` varchar(45) COLLATE utf8mb4_unicode_ci DEFAULT NULL,
  `PRO_SEXO` varchar(45) COLLATE utf8mb4_unicode_ci DEFAULT NULL,
  `PRO_DIRECCION` varchar(90) COLLATE utf8mb4_unicode_ci DEFAULT NULL,
  `PRO_NACIONALIDAD` varchar(45) COLLATE utf8mb4_unicode_ci DEFAULT NULL,
  `PRO_SEG_MED` varchar(45) COLLATE utf8mb4_unicode_ci DEFAULT NULL,
  `PRO_AFP` varchar(45) COLLATE utf8mb4_unicode_ci DEFAULT NULL,
  `PRO_N_CUENTA` varchar(45) COLLATE utf8mb4_unicode_ci DEFAULT NULL,
  `PRO_RAZON_SOCIAL` varchar(45) COLLATE utf8mb4_unicode_ci DEFAULT NULL,
  `PRO_TEL` varchar(45) COLLATE utf8mb4_unicode_ci DEFAULT NULL,
  `PRO_CELULAR` varchar(45) COLLATE utf8mb4_unicode_ci DEFAULT NULL,
  `PRO_RUT` varchar(10) COLLATE utf8mb4_unicode_ci DEFAULT NULL,
  `PRO_RUBRO` varchar(191) COLLATE utf8mb4_unicode_ci DEFAULT NULL,
  `PRO_SUBRUBRO` varchar(191) COLLATE utf8mb4_unicode_ci DEFAULT NULL,
  `PRO_FECHA_PAGO` date DEFAULT NULL,
  `PRO_CONTACTO_SECUNDARIO` varchar(90) COLLATE utf8mb4_unicode_ci DEFAULT NULL,
  `PRO_PAGINA_WEB` varchar(200) COLLATE utf8mb4_unicode_ci DEFAULT NULL,
  `PRO_FACEBOOK` varchar(200) COLLATE utf8mb4_unicode_ci DEFAULT NULL,
  `PRO_EMAIL` varchar(500) COLLATE utf8mb4_unicode_ci DEFAULT NULL,
  `PRO_GIRO` varchar(500) COLLATE utf8mb4_unicode_ci DEFAULT NULL,
  `password` varchar(191) COLLATE utf8mb4_unicode_ci DEFAULT NULL,
  `PRO_REFERENCIA` text COLLATE utf8mb4_unicode_ci,
  `PRO_CONTRATO` text COLLATE utf8mb4_unicode_ci,
  `PRO_FECHA_NAC` date DEFAULT NULL,
  `remember_token` varchar(100) COLLATE utf8mb4_unicode_ci DEFAULT NULL,
  `PRO_CAR_ID` int(10) UNSIGNED DEFAULT NULL,
  `PRO_EMP` int(10) UNSIGNED DEFAULT NULL,
  `PRO_ESTADO_PERSONAL` int(10) UNSIGNED DEFAULT NULL,
  `PRO_TP_COD` int(10) UNSIGNED DEFAULT NULL,
  `PRO_BCO_ID` int(10) UNSIGNED DEFAULT NULL,
  `PRO_TCTA_BCO` int(10) UNSIGNED DEFAULT NULL,
  `PRO_PAI_COD` int(10) UNSIGNED DEFAULT NULL,
  `PRO_PV_COD` int(10) UNSIGNED DEFAULT NULL,
  `PRO_REG_COD` int(10) UNSIGNED DEFAULT NULL,
  `PRO_CIU_COD` int(10) UNSIGNED DEFAULT NULL
) ENGINE=InnoDB DEFAULT CHARSET=utf8mb4 COLLATE=utf8mb4_unicode_ci;

--
-- Volcado de datos para la tabla `pro_proveedor`
--

INSERT INTO `pro_proveedor` (`PRO_RUN`, `PRO_NOMBRE`, `PRO_APE_PAT`, `PRO_APE_MAT`, `PRO_SEXO`, `PRO_DIRECCION`, `PRO_NACIONALIDAD`, `PRO_SEG_MED`, `PRO_AFP`, `PRO_N_CUENTA`, `PRO_RAZON_SOCIAL`, `PRO_TEL`, `PRO_CELULAR`, `PRO_RUT`, `PRO_RUBRO`, `PRO_SUBRUBRO`, `PRO_FECHA_PAGO`, `PRO_CONTACTO_SECUNDARIO`, `PRO_PAGINA_WEB`, `PRO_FACEBOOK`, `PRO_EMAIL`, `PRO_GIRO`, `password`, `PRO_REFERENCIA`, `PRO_CONTRATO`, `PRO_FECHA_NAC`, `remember_token`, `PRO_CAR_ID`, `PRO_EMP`, `PRO_ESTADO_PERSONAL`, `PRO_TP_COD`, `PRO_BCO_ID`, `PRO_TCTA_BCO`, `PRO_PAI_COD`, `PRO_PV_COD`, `PRO_REG_COD`, `PRO_CIU_COD`) VALUES
('16512070-5', 'Juan', 'Perez', 'Rozalez', 'HOMBRE', '935 Emard Rapid Apt. 322', 'Chilena', 'autem', 'dignissimos', '4485231728821775', 'Chemical Equipment Tender', '438.924.0508 x36139', '(667) 670-1609 x204', '16512070-5', 'CONSTRUCCIÓN', 'CONSTRUCCIÓN', '1989-02-18', '+19057616616', 'mccullough.net', 'rebeca.bechtelar', 'predovic.daphney@example.org', 'Surgical Technologist', '$2y$10$kkshb84nqncAA3MBgDT23.3UjbArKHERipjdEmXXf9abq0BvePS6S', 'In accusamus ut magnam facilis odio assumenda voluptas. Est id aut consequuntur explicabo distinctio. Est ut odit nulla qui officiis rem. Excepturi sunt sed vitae pariatur.', 'Quam id omnis culpa. Pariatur eaque labore officiis et ut necessitatibus reprehenderit. Minus molestiae delectus sed quis deserunt ratione ea. Asperiores explicabo possimus ratione libero.', '1987-06-29', 'aWO8lNpuX4d21k7T0Putl2HBK5Acas76Fi574ywMSd22NbTm79Q8YYl0xxBV', 37, 1, 1, 1, 1, 1, 1, 16, 12, 335);

-- --------------------------------------------------------

--
-- Estructura de tabla para la tabla `pv_provincia`
--

CREATE TABLE `pv_provincia` (
  `PV_COD` int(10) UNSIGNED NOT NULL,
  `PV_DESC` varchar(45) COLLATE utf8mb4_unicode_ci NOT NULL,
  `PV_REG_COD` int(10) UNSIGNED NOT NULL
) ENGINE=InnoDB DEFAULT CHARSET=utf8mb4 COLLATE=utf8mb4_unicode_ci;

--
-- Volcado de datos para la tabla `pv_provincia`
--

INSERT INTO `pv_provincia` (`PV_COD`, `PV_DESC`, `PV_REG_COD`) VALUES
(1, 'Arica', 15),
(2, 'Parinacota', 15),
(3, 'Iquique', 1),
(4, 'Tamarugal', 1),
(5, 'Antofagasta', 2),
(6, 'El Loa', 2),
(7, 'Tocopilla', 2),
(8, 'Copiapó', 3),
(9, 'Chañaral', 3),
(10, 'Huasco', 3),
(11, 'Elqui', 4),
(12, 'Choapa', 4),
(13, 'Limarí', 4),
(14, 'Valparaíso', 5),
(15, 'Isla de Pascua', 5),
(16, 'Los Andes', 5),
(17, 'Petorca', 5),
(18, 'Quillota', 5),
(19, 'San Antonio', 5),
(20, 'San Felipe de Aconcagua', 5),
(21, 'Marga Marga', 5),
(22, 'Cachapoal', 6),
(23, 'Cardenal Caro', 6),
(24, 'Colchagua', 6),
(25, 'Talca', 7),
(26, 'Cauquenes', 7),
(27, 'Curicó', 7),
(28, 'Linares', 7),
(29, 'Concepción', 8),
(30, 'Arauco', 8),
(31, 'Biobío', 8),
(32, 'Ñuble', 8),
(33, 'Cautín', 9),
(34, 'Malleco', 9),
(35, 'Valdivia', 14),
(36, 'Ranco', 14),
(37, 'Llanquihue', 10),
(38, 'Chiloé', 10),
(39, 'Osorno', 10),
(40, 'Palena', 10),
(41, 'Coihaique', 11),
(42, 'Aisén', 11),
(43, 'Capitán Prat', 11),
(44, 'General Carrera', 11),
(45, 'Magallanes', 12),
(46, 'Antártica Chilena', 12),
(47, 'Tierra del Fuego', 12),
(48, 'Última Esperanza', 12),
(49, 'Santiago', 13),
(50, 'Cordillera', 13),
(51, 'Chacabuco', 13),
(52, 'Maipo', 13),
(53, 'Melipilla', 13),
(54, 'Talagante', 13);

-- --------------------------------------------------------

--
-- Estructura de tabla para la tabla `reg_region`
--

CREATE TABLE `reg_region` (
  `REG_COD` int(10) UNSIGNED NOT NULL,
  `REG_DESC` varchar(45) COLLATE utf8mb4_unicode_ci NOT NULL,
  `ISO_3166_2_CL` varchar(5) COLLATE utf8mb4_unicode_ci NOT NULL
) ENGINE=InnoDB DEFAULT CHARSET=utf8mb4 COLLATE=utf8mb4_unicode_ci;

--
-- Volcado de datos para la tabla `reg_region`
--

INSERT INTO `reg_region` (`REG_COD`, `REG_DESC`, `ISO_3166_2_CL`) VALUES
(1, 'Tarapacá', 'CL-TA'),
(2, 'Antofagasta', 'CL-AN'),
(3, 'Atacama', 'CL-AT'),
(4, 'Coquimbo', 'CL-CO'),
(5, 'Valparaíso', 'CL-VS'),
(6, 'Región del Libertador Gral. Bernardo O’Higgin', 'CL-LI'),
(7, 'Región del Maule', 'CL-ML'),
(8, 'Región del Biobío', 'CL-BI'),
(9, 'Región de la Araucanía', 'CL-AR'),
(10, 'Región de Los Lagos', 'CL-LL'),
(11, 'Región Aisén del Gral. Carlos Ibáñez del Camp', 'CL-AI'),
(12, 'Región de Magallanes y de la Antártica Chilen', 'CL-MA'),
(13, 'Región Metropolitana de Santiago', 'CL-RM'),
(14, 'Región de Los Ríos', 'CL-LR'),
(15, 'Arica y Parinacota', 'CL-AP');

-- --------------------------------------------------------

--
-- Estructura de tabla para la tabla `rh_aa_activos_asignados`
--

CREATE TABLE `rh_aa_activos_asignados` (
  `AA_COD` int(10) UNSIGNED NOT NULL,
  `AA_FECHA_ASIG` date NOT NULL,
  `AA_PRO_RUN` varchar(10) COLLATE utf8mb4_unicode_ci NOT NULL,
  `AA_ACT_ID` int(10) UNSIGNED NOT NULL
) ENGINE=InnoDB DEFAULT CHARSET=utf8mb4 COLLATE=utf8mb4_unicode_ci;

-- --------------------------------------------------------

--
-- Estructura de tabla para la tabla `rh_adprov_adelanto_proveedor`
--

CREATE TABLE `rh_adprov_adelanto_proveedor` (
  `ADPROV_ID` int(10) UNSIGNED NOT NULL,
  `ADPROV_VALOR` int(11) NOT NULL,
  `ADPROV_ESTADO` varchar(45) COLLATE utf8mb4_unicode_ci NOT NULL,
  `ADPROV_MOTIVO` text COLLATE utf8mb4_unicode_ci NOT NULL,
  `ADPROV_FECHA` date NOT NULL,
  `BONOS_PRO_RUN` varchar(10) COLLATE utf8mb4_unicode_ci NOT NULL
) ENGINE=InnoDB DEFAULT CHARSET=utf8mb4 COLLATE=utf8mb4_unicode_ci;

-- --------------------------------------------------------

--
-- Estructura de tabla para la tabla `rh_afp_administacion_fondo_pensiones`
--

CREATE TABLE `rh_afp_administacion_fondo_pensiones` (
  `AFP_ID` int(10) UNSIGNED NOT NULL,
  `AFP_NOMBRE` varchar(45) COLLATE utf8mb4_unicode_ci NOT NULL,
  `AFP_PORCENTAJE_DSCTO` decimal(2,2) NOT NULL
) ENGINE=InnoDB DEFAULT CHARSET=utf8mb4 COLLATE=utf8mb4_unicode_ci;

-- --------------------------------------------------------

--
-- Estructura de tabla para la tabla `rh_anho`
--

CREATE TABLE `rh_anho` (
  `ANH_ID` int(10) UNSIGNED NOT NULL,
  `ANH_DESC` varchar(15) COLLATE utf8mb4_unicode_ci NOT NULL
) ENGINE=InnoDB DEFAULT CHARSET=utf8mb4 COLLATE=utf8mb4_unicode_ci;

-- --------------------------------------------------------

--
-- Estructura de tabla para la tabla `rh_bonos`
--

CREATE TABLE `rh_bonos` (
  `BNS_ID` int(10) UNSIGNED NOT NULL,
  `BNS_DESCRIPCION` text COLLATE utf8mb4_unicode_ci NOT NULL,
  `BNS_VALOR` int(11) NOT NULL,
  `BNS_PORCENTAJE` decimal(2,2) NOT NULL
) ENGINE=InnoDB DEFAULT CHARSET=utf8mb4 COLLATE=utf8mb4_unicode_ci;

-- --------------------------------------------------------

--
-- Estructura de tabla para la tabla `rh_bonos_personal`
--

CREATE TABLE `rh_bonos_personal` (
  `BONOS_ID` int(10) UNSIGNED NOT NULL,
  `BONOS_TOTAL` int(11) NOT NULL,
  `BONOS_ESTADO` varchar(45) COLLATE utf8mb4_unicode_ci NOT NULL,
  `BONOS_FECHA` date NOT NULL,
  `BONOS_PRO_RUN` varchar(10) COLLATE utf8mb4_unicode_ci NOT NULL,
  `BONOS_BONO_ID` int(10) UNSIGNED NOT NULL
) ENGINE=InnoDB DEFAULT CHARSET=utf8mb4 COLLATE=utf8mb4_unicode_ci;

-- --------------------------------------------------------

--
-- Estructura de tabla para la tabla `rh_dper_documentos_personal`
--

CREATE TABLE `rh_dper_documentos_personal` (
  `DPER_ID` int(10) UNSIGNED NOT NULL,
  `DPER_DESC` varchar(45) COLLATE utf8mb4_unicode_ci NOT NULL,
  `DPER_URL` text COLLATE utf8mb4_unicode_ci NOT NULL,
  `DPER_PERSONAL_PER_RUT` varchar(10) COLLATE utf8mb4_unicode_ci NOT NULL
) ENGINE=InnoDB DEFAULT CHARSET=utf8mb4 COLLATE=utf8mb4_unicode_ci;

-- --------------------------------------------------------

--
-- Estructura de tabla para la tabla `rh_lm_licencias_medicas`
--

CREATE TABLE `rh_lm_licencias_medicas` (
  `LM_ID` int(10) UNSIGNED NOT NULL,
  `LM_DESC` text COLLATE utf8mb4_unicode_ci NOT NULL,
  `LM_INICIO` date NOT NULL,
  `LM_TERMINO` date NOT NULL,
  `LM_ESTADO` varchar(45) COLLATE utf8mb4_unicode_ci NOT NULL,
  `LM_MLC_ID` int(10) UNSIGNED NOT NULL,
  `LM_PER_RUT` varchar(10) COLLATE utf8mb4_unicode_ci NOT NULL
) ENGINE=InnoDB DEFAULT CHARSET=utf8mb4 COLLATE=utf8mb4_unicode_ci;

-- --------------------------------------------------------

--
-- Estructura de tabla para la tabla `rh_mes`
--

CREATE TABLE `rh_mes` (
  `MES_ID` int(10) UNSIGNED NOT NULL,
  `MES_DESC` varchar(15) COLLATE utf8mb4_unicode_ci NOT NULL
) ENGINE=InnoDB DEFAULT CHARSET=utf8mb4 COLLATE=utf8mb4_unicode_ci;

-- --------------------------------------------------------

--
-- Estructura de tabla para la tabla `rh_mlc_motivo_licencia`
--

CREATE TABLE `rh_mlc_motivo_licencia` (
  `MLC_ID` int(10) UNSIGNED NOT NULL,
  `MLC_DESC` varchar(45) COLLATE utf8mb4_unicode_ci NOT NULL
) ENGINE=InnoDB DEFAULT CHARSET=utf8mb4 COLLATE=utf8mb4_unicode_ci;

-- --------------------------------------------------------

--
-- Estructura de tabla para la tabla `rh_mp_metadata_proveedor`
--

CREATE TABLE `rh_mp_metadata_proveedor` (
  `MP_COD` int(10) UNSIGNED NOT NULL,
  `MP_HOBBY` text COLLATE utf8mb4_unicode_ci NOT NULL,
  `MP_DEPORTES` text COLLATE utf8mb4_unicode_ci NOT NULL,
  `MP_ZONA_PREF_TRABAJAR` text COLLATE utf8mb4_unicode_ci NOT NULL,
  `MP_AREA_MEJOR_DESEMPEÑO` text COLLATE utf8mb4_unicode_ci NOT NULL,
  `MP_TRABAJO_EQUIPO` enum('SI','NO') COLLATE utf8mb4_unicode_ci NOT NULL,
  `MP_EMPRENDIMIENTOS` text COLLATE utf8mb4_unicode_ci NOT NULL,
  `MP_LUGAR_NACIMIENTO` varchar(45) COLLATE utf8mb4_unicode_ci NOT NULL,
  `MP_ESTABLECIMIENTO_ED_BASICA` varchar(45) COLLATE utf8mb4_unicode_ci NOT NULL,
  `MP_ESTABLECIMIENTO_ED_MEDIA` varchar(45) COLLATE utf8mb4_unicode_ci NOT NULL,
  `MP_RESIDENCIA_ACTUAL` varchar(45) COLLATE utf8mb4_unicode_ci NOT NULL,
  `MP_LUGAR_IDEAL_VIVIR_TRABAJAR` varchar(45) COLLATE utf8mb4_unicode_ci NOT NULL,
  `MP_EQUIPO_PERSONAL` enum('SI','NO') COLLATE utf8mb4_unicode_ci NOT NULL,
  `MP_INTERNET` enum('SI','NO') COLLATE utf8mb4_unicode_ci NOT NULL,
  `MP_ESPACIO_ADECUADO_PARA_TRABAJAR` enum('SI','NO') COLLATE utf8mb4_unicode_ci NOT NULL,
  `MP_VEHICULO` enum('SI','NO') COLLATE utf8mb4_unicode_ci NOT NULL,
  `MP_LISTA_INSTRUMENTAL` text COLLATE utf8mb4_unicode_ci NOT NULL,
  `MP_MARCA` varchar(45) COLLATE utf8mb4_unicode_ci NOT NULL,
  `MP_MOD` varchar(45) COLLATE utf8mb4_unicode_ci NOT NULL,
  `MP_TIPO` varchar(45) COLLATE utf8mb4_unicode_ci NOT NULL,
  `MP_PERTENENCIA_INSTITUCIONES` text COLLATE utf8mb4_unicode_ci NOT NULL,
  `MP_PRO_RUN` varchar(10) COLLATE utf8mb4_unicode_ci NOT NULL
) ENGINE=InnoDB DEFAULT CHARSET=utf8mb4 COLLATE=utf8mb4_unicode_ci;

-- --------------------------------------------------------

--
-- Estructura de tabla para la tabla `rh_prev_salud`
--

CREATE TABLE `rh_prev_salud` (
  `PREV_COD` int(10) UNSIGNED NOT NULL,
  `PREV_DES` varchar(45) COLLATE utf8mb4_unicode_ci NOT NULL,
  `PREV_PORCENTAJE_DSCTO` decimal(2,2) NOT NULL
) ENGINE=InnoDB DEFAULT CHARSET=utf8mb4 COLLATE=utf8mb4_unicode_ci;

-- --------------------------------------------------------

--
-- Estructura de tabla para la tabla `rh_prmse_permisos_especiales`
--

CREATE TABLE `rh_prmse_permisos_especiales` (
  `PRMSE_COD` int(10) UNSIGNED NOT NULL,
  `PRMSE_MOTIVO` varchar(45) COLLATE utf8mb4_unicode_ci NOT NULL,
  `PRMSE_INICIO` date NOT NULL,
  `PRMSE_FIN` date NOT NULL,
  `PRMSE_ESTADO` varchar(45) COLLATE utf8mb4_unicode_ci NOT NULL,
  `PRMSE_PERSONAL_PER_RUT` varchar(10) COLLATE utf8mb4_unicode_ci NOT NULL
) ENGINE=InnoDB DEFAULT CHARSET=utf8mb4 COLLATE=utf8mb4_unicode_ci;

-- --------------------------------------------------------

--
-- Estructura de tabla para la tabla `rh_rem_remuneraciones`
--

CREATE TABLE `rh_rem_remuneraciones` (
  `REM_ID` int(10) UNSIGNED NOT NULL,
  `REM_FECHA_EMISION` date NOT NULL,
  `REM_VALOR_TOTAL_HAB` int(11) NOT NULL,
  `REM_VALOR_TOTAL_DES` int(11) NOT NULL,
  `REM_SUELDO_LIQUIDO` int(11) NOT NULL,
  `REM_SUELDO_BASE` int(11) NOT NULL,
  `REM_BONO_PRODUCCION` int(11) NOT NULL,
  `REM_GRATIFICACION_MENSUAL` int(11) NOT NULL,
  `REM_T_HAB_IMP_Y_TRIBUT` int(11) NOT NULL,
  `REM_T_MOVILIZACION` int(11) NOT NULL,
  `REM_VIATICO_AGUINALDO` int(11) NOT NULL,
  `REM_T_HAB_N_IMP_Y_N_TRIBUT` int(11) NOT NULL,
  `REM_T_FONDO_PENSION` int(11) NOT NULL,
  `REM_AFC_TRAB_0` int(11) NOT NULL,
  `REM_T_LEYES_SOCIALES` int(11) NOT NULL,
  `REM_ANTICIPO_SUELDO` int(11) NOT NULL,
  `REM_AGUINALDO` int(11) NOT NULL,
  `REM_PRO_RUT` varchar(10) COLLATE utf8mb4_unicode_ci NOT NULL,
  `REM_MES` int(10) UNSIGNED NOT NULL,
  `REM_ANHO` int(10) UNSIGNED NOT NULL
) ENGINE=InnoDB DEFAULT CHARSET=utf8mb4 COLLATE=utf8mb4_unicode_ci;

-- --------------------------------------------------------

--
-- Estructura de tabla para la tabla `rh_rst_estado_remuneracion`
--

CREATE TABLE `rh_rst_estado_remuneracion` (
  `RST_COD` int(10) UNSIGNED NOT NULL,
  `RST_DESC` varchar(45) COLLATE utf8mb4_unicode_ci NOT NULL
) ENGINE=InnoDB DEFAULT CHARSET=utf8mb4 COLLATE=utf8mb4_unicode_ci;

-- --------------------------------------------------------

--
-- Estructura de tabla para la tabla `rh_tr_tipo_remuneracion`
--

CREATE TABLE `rh_tr_tipo_remuneracion` (
  `TR_COD` int(10) UNSIGNED NOT NULL,
  `TR_DES` varchar(45) COLLATE utf8mb4_unicode_ci NOT NULL
) ENGINE=InnoDB DEFAULT CHARSET=utf8mb4 COLLATE=utf8mb4_unicode_ci;

-- --------------------------------------------------------

--
-- Estructura de tabla para la tabla `rh_vp_vacaciones_personal`
--

CREATE TABLE `rh_vp_vacaciones_personal` (
  `VP_COD` int(10) UNSIGNED NOT NULL,
  `VP_INICIO` date NOT NULL,
  `VP_TERMINO` date NOT NULL,
  `VP_ESTADO` varchar(45) COLLATE utf8mb4_unicode_ci NOT NULL,
  `VP_PER_RUT` varchar(10) COLLATE utf8mb4_unicode_ci NOT NULL
) ENGINE=InnoDB DEFAULT CHARSET=utf8mb4 COLLATE=utf8mb4_unicode_ci;

-- --------------------------------------------------------

--
-- Estructura de tabla para la tabla `rmov_registro_movimiento`
--

CREATE TABLE `rmov_registro_movimiento` (
  `RMOV_ID` int(10) UNSIGNED NOT NULL,
  `RMOV_FECHA` date NOT NULL,
  `RMOV_MONTO` int(11) NOT NULL,
  `RMOV_N_CTA` varchar(45) COLLATE utf8mb4_unicode_ci NOT NULL,
  `RMOV_FOLIO` varchar(90) COLLATE utf8mb4_unicode_ci NOT NULL,
  `RMOV_NUMERO_DOCUMENTO` varchar(45) COLLATE utf8mb4_unicode_ci NOT NULL,
  `RMOV_DESC` text COLLATE utf8mb4_unicode_ci NOT NULL,
  `RMOV_EMP_ID` int(10) UNSIGNED NOT NULL,
  `RMOV_CTAE` int(10) UNSIGNED NOT NULL,
  `RMOV_TMOV_ID` int(10) UNSIGNED NOT NULL,
  `RMOV_FTE_ID` int(10) UNSIGNED NOT NULL,
  `RMOV_CAU_ID` int(10) UNSIGNED NOT NULL,
  `RMOV_EST_ID` int(10) UNSIGNED NOT NULL,
  `RMOV_TPDOC_ID` int(10) UNSIGNED NOT NULL
) ENGINE=InnoDB DEFAULT CHARSET=utf8mb4 COLLATE=utf8mb4_unicode_ci;

--
-- Volcado de datos para la tabla `rmov_registro_movimiento`
--

INSERT INTO `rmov_registro_movimiento` (`RMOV_ID`, `RMOV_FECHA`, `RMOV_MONTO`, `RMOV_N_CTA`, `RMOV_FOLIO`, `RMOV_NUMERO_DOCUMENTO`, `RMOV_DESC`, `RMOV_EMP_ID`, `RMOV_CTAE`, `RMOV_TMOV_ID`, `RMOV_FTE_ID`, `RMOV_CAU_ID`, `RMOV_EST_ID`, `RMOV_TPDOC_ID`) VALUES
(1, '2001-10-26', 1979798, '19', '1423388', '1972444', 'Heads.', 5, 2, 2, 1, 4, 3, 2),
(2, '1972-04-12', 1625802, '85', '1822240', '1769136', 'King sharply. \'Do.', 5, 1, 1, 3, 2, 4, 2),
(3, '2016-06-29', 861251, '38', '1039173', '1321669', 'King. \'Nearly two.', 1, 1, 2, 4, 8, 7, 2),
(4, '1971-09-12', 1758236, '82', '403258', '1365719', 'But her sister.', 5, 1, 2, 3, 1, 10, 3),
(5, '2011-02-10', 1087344, '57', '1932838', '1801865', 'Alice. \'I\'ve so.', 5, 1, 1, 1, 9, 9, 2),
(6, '2009-03-15', 695456, '20', '1837197', '1626422', 'I used to.', 1, 1, 2, 1, 2, 3, 1),
(7, '1976-03-14', 368925, '69', '347446', '1349900', 'And oh, I.', 3, 1, 1, 2, 9, 9, 3),
(8, '1985-06-21', 691527, '98', '1190442', '658777', 'Alice, who felt.', 4, 2, 2, 3, 2, 7, 3),
(9, '1979-07-07', 625631, '31', '1701985', '1042518', 'The Queen.', 5, 1, 1, 1, 1, 9, 5),
(10, '1995-06-07', 1788545, '23', '1931217', '1591653', 'QUITE as.', 1, 1, 1, 3, 1, 6, 3),
(11, '2001-12-18', 1224794, '53', '585758', '1511484', 'Majesty!\' the.', 1, 2, 2, 4, 1, 7, 2),
(12, '1996-04-05', 1847799, '98', '610929', '1024603', 'Dormouse is asleep.', 4, 2, 2, 1, 9, 6, 5),
(13, '1988-01-28', 450676, '31', '428511', '1636997', 'Gryphon..', 4, 1, 1, 3, 3, 10, 1),
(14, '2010-04-11', 498000, '66', '1100044', '1508071', 'Alice had been.', 4, 2, 1, 3, 9, 9, 6),
(15, '1998-07-08', 1661456, '82', '1125429', '1929508', 'In another.', 5, 2, 2, 1, 3, 7, 5),
(16, '2007-04-20', 454781, '21', '1257156', '122417', 'King. \'I.', 4, 2, 1, 1, 5, 9, 3),
(17, '2017-09-16', 657776, '37', '868555', '873360', 'I\'m never sure.', 2, 2, 2, 5, 2, 4, 2),
(18, '2016-04-04', 536539, '50', '195615', '1911605', 'I\'ve got to see.', 3, 2, 1, 5, 8, 1, 3),
(19, '2013-06-04', 207542, '63', '1653372', '745743', 'Hatter: \'as the.', 2, 1, 2, 5, 3, 1, 6),
(20, '2000-12-15', 1488587, '29', '368447', '187937', 'Don\'t be.', 1, 2, 2, 4, 9, 10, 2),
(21, '1991-11-15', 533873, '26', '1016835', '371698', 'Queen. \'Well, I.', 3, 1, 1, 2, 4, 3, 2),
(22, '1980-02-25', 108272, '78', '1018094', '1449239', 'Alice to.', 4, 1, 1, 1, 7, 1, 5),
(23, '2010-09-15', 1789503, '14', '548827', '1676400', '.', 1, 2, 1, 2, 1, 8, 2),
(24, '2013-06-28', 1106176, '91', '507323', '1411849', 'Duchess.', 1, 1, 2, 4, 9, 5, 1),
(25, '1999-08-31', 754468, '5', '1686686', '690025', 'King, the.', 2, 1, 2, 1, 6, 5, 6),
(26, '1987-09-13', 305189, '25', '1816220', '1974414', 'Alice; \'I.', 2, 1, 2, 3, 3, 5, 4),
(27, '1999-06-26', 1887430, '68', '679268', '246851', 'Alice. \'Then.', 2, 2, 2, 3, 6, 3, 2),
(28, '1973-12-20', 1067993, '18', '1305604', '1982470', 'This did.', 2, 1, 2, 1, 6, 10, 2),
(29, '2001-11-23', 1816165, '55', '1941583', '137657', 'I.', 1, 1, 1, 4, 6, 3, 2),
(30, '1999-12-14', 1278540, '24', '403637', '944815', 'I suppose?\'.', 2, 2, 1, 5, 9, 4, 2),
(31, '1975-07-09', 660939, '64', '494095', '1087851', 'Mock Turtle..', 1, 2, 1, 2, 5, 9, 5),
(32, '1979-02-15', 592649, '52', '1374154', '1630969', 'Alice..', 2, 2, 1, 4, 5, 8, 1),
(33, '1982-07-02', 1090414, '86', '707772', '1602469', 'It was.', 3, 1, 2, 2, 1, 9, 2),
(34, '1973-09-15', 255321, '18', '1917831', '1198245', 'Five! Always lay.', 4, 1, 1, 1, 8, 6, 1),
(35, '1973-06-01', 1691002, '41', '1911775', '1692143', 'Her.', 1, 1, 1, 5, 9, 8, 4),
(36, '1995-12-23', 1219201, '61', '1541928', '1137353', 'Hatter, \'or.', 5, 1, 1, 5, 6, 10, 5),
(37, '2016-01-17', 107476, '81', '327275', '1469395', 'Duchess\'s knee.', 4, 2, 2, 5, 3, 1, 2),
(38, '1972-09-27', 342804, '91', '1821215', '1306765', 'DOTH THE.', 5, 2, 1, 1, 7, 1, 6),
(39, '1976-09-14', 964510, '52', '721508', '1468294', 'Majesty,\'.', 5, 1, 1, 4, 2, 6, 1),
(40, '2012-07-14', 814932, '17', '1876128', '560089', 'I\'m sure she\'s.', 5, 2, 1, 5, 1, 1, 3),
(41, '1970-06-17', 514690, '68', '1105330', '1962191', 'That WILL be.', 2, 2, 1, 2, 5, 2, 3),
(42, '1971-09-24', 1842241, '26', '1522808', '887281', 'Alice..', 2, 2, 2, 2, 4, 6, 2),
(43, '1980-05-06', 1327630, '46', '1564660', '1302440', 'I will.', 4, 2, 1, 2, 3, 4, 1),
(44, '1985-05-24', 676319, '40', '1624367', '563758', 'Dodo, a Lory and.', 3, 2, 2, 1, 6, 1, 3),
(45, '2016-01-15', 1206167, '100', '306766', '1933276', 'Duchess:.', 1, 2, 1, 5, 6, 9, 5),
(46, '2016-05-08', 841162, '40', '1714861', '1288555', 'While the.', 5, 2, 2, 5, 2, 4, 6),
(47, '1995-07-20', 372652, '8', '1623694', '135334', 'Who ever.', 1, 1, 2, 4, 5, 9, 6),
(48, '2000-08-01', 1873171, '51', '477991', '554663', 'The master.', 1, 1, 1, 3, 7, 10, 3),
(49, '1975-12-17', 857051, '16', '702227', '122456', 'I used to do:--.', 4, 2, 2, 2, 1, 8, 4),
(50, '2004-05-15', 1933119, '20', '1522318', '1280657', 'There was a.', 1, 1, 1, 3, 8, 10, 2),
(51, '1996-10-03', 1751004, '10', '1368310', '1288544', 'How puzzling all.', 3, 1, 2, 3, 2, 2, 6),
(52, '1984-02-01', 1350051, '77', '586541', '557929', 'Majesty,\' said the.', 4, 2, 1, 4, 7, 4, 5),
(53, '2000-01-29', 788097, '96', '884855', '738307', 'Alice.', 5, 2, 1, 4, 6, 1, 6),
(54, '1987-12-12', 666204, '65', '1456947', '1436708', 'And here poor.', 1, 1, 1, 3, 8, 5, 3),
(55, '1985-07-27', 343632, '89', '1974143', '1461450', 'Alice.', 4, 2, 2, 5, 3, 5, 6),
(56, '1976-10-11', 532434, '19', '1381120', '1949691', 'Caterpillar..', 2, 1, 1, 1, 8, 1, 1),
(57, '1987-02-13', 1838625, '19', '1983981', '1546582', 'So Alice got.', 3, 1, 1, 2, 3, 6, 6),
(58, '2006-02-11', 786905, '43', '1301711', '482204', 'Wonderland, though.', 5, 1, 1, 5, 3, 6, 2),
(59, '2014-04-02', 1429952, '97', '1789719', '1024302', 'When she.', 3, 1, 1, 2, 2, 7, 5),
(60, '1991-03-07', 409022, '2', '1855848', '452797', 'EVEN.', 5, 2, 1, 3, 1, 6, 2),
(61, '1973-08-23', 1701613, '28', '521190', '932448', 'Mock Turtle:.', 1, 1, 2, 3, 2, 9, 2),
(62, '2012-08-11', 685746, '20', '1085924', '1164960', 'I never knew.', 2, 2, 1, 5, 3, 8, 1),
(63, '2012-12-22', 169494, '45', '540423', '354924', 'Alice as he.', 1, 1, 2, 3, 6, 2, 1),
(64, '1994-08-24', 1443847, '19', '259901', '1829539', 'And the Eaglet.', 2, 2, 1, 4, 4, 4, 3),
(65, '1991-11-17', 1011758, '69', '1366140', '1124176', 'Dinah, and saying.', 4, 1, 2, 5, 4, 10, 5),
(66, '1979-02-21', 1311277, '51', '868282', '794145', 'I\'ve kept her.', 1, 2, 2, 4, 5, 6, 2),
(67, '1984-03-31', 1733949, '98', '500607', '1842704', 'I think.', 4, 2, 1, 1, 8, 6, 3),
(68, '2009-05-23', 1841661, '5', '196941', '1076872', 'Alice\'s head..', 3, 2, 1, 1, 4, 6, 5),
(69, '1977-04-28', 1109503, '69', '512278', '1845729', 'Alice.', 5, 1, 1, 5, 5, 4, 4),
(70, '1985-01-24', 1395064, '10', '1211496', '1035616', 'Just as she.', 3, 2, 1, 1, 7, 10, 1),
(71, '1995-12-19', 1398994, '48', '952878', '1806884', 'And the moral.', 2, 2, 2, 2, 5, 9, 5),
(72, '1987-11-24', 948052, '16', '1479516', '1362011', 'Queen.', 3, 1, 1, 5, 7, 8, 1),
(73, '1999-02-02', 1609012, '30', '1616395', '1341846', 'Alice in a.', 1, 1, 1, 2, 4, 6, 1),
(74, '1988-08-16', 517526, '85', '126063', '1999833', 'I don\'t believe.', 5, 2, 1, 2, 7, 7, 5),
(75, '1986-09-16', 1235400, '27', '645813', '1456695', 'Bill,\' she gave.', 5, 2, 2, 4, 8, 5, 3),
(76, '1978-11-26', 552368, '93', '736473', '675803', 'WAS a narrow.', 4, 1, 2, 2, 8, 8, 6),
(77, '2018-01-10', 309081, '45', '446333', '1901461', 'Alice as he.', 5, 1, 2, 2, 3, 4, 4),
(78, '2014-08-21', 1532915, '100', '1137820', '1842241', 'March Hare..', 4, 2, 2, 4, 6, 4, 1),
(79, '1998-12-11', 1321242, '36', '139604', '992216', 'Latin Grammar, \'A.', 3, 2, 1, 2, 5, 8, 2),
(80, '1973-10-18', 805443, '15', '114372', '1770982', 'And the moral of.', 1, 1, 1, 2, 9, 9, 4),
(81, '2012-04-07', 554575, '61', '248200', '1536828', 'I beg your.', 5, 2, 2, 2, 1, 7, 4),
(82, '2008-03-31', 1192847, '41', '1494228', '1499897', 'It was, no.', 4, 2, 2, 2, 9, 7, 5),
(83, '2001-02-20', 764845, '6', '1205262', '380386', 'I beat him when.', 1, 2, 1, 2, 9, 1, 3),
(84, '1980-02-12', 380143, '57', '1333148', '778626', 'I could.', 3, 2, 1, 3, 6, 7, 1),
(85, '2009-11-18', 977713, '11', '1683643', '1342643', 'Gryphon.', 1, 1, 2, 5, 7, 6, 6),
(86, '1991-06-22', 857025, '12', '948900', '205243', 'Mock Turtle.', 5, 1, 1, 2, 3, 3, 2),
(87, '1982-02-06', 1974384, '55', '1954878', '558139', 'Alice.', 3, 2, 2, 5, 4, 5, 2),
(88, '1999-01-28', 1551364, '7', '1464363', '981686', 'Mock.', 4, 2, 2, 3, 8, 6, 3),
(89, '1995-05-30', 1318396, '89', '657927', '1245695', 'White Rabbit.', 3, 1, 2, 1, 9, 3, 4),
(90, '2005-01-25', 1654045, '91', '567188', '214569', 'Magpie began.', 5, 1, 1, 4, 8, 5, 6),
(91, '1991-06-15', 652996, '68', '1075240', '1787147', 'Cat. \'Do you.', 1, 2, 2, 3, 7, 9, 6),
(92, '1980-03-26', 1028996, '75', '1788897', '722928', 'Cat went on.', 2, 2, 2, 2, 7, 7, 5),
(93, '1984-09-21', 1793935, '40', '1063258', '1391994', 'CURTSEYING as.', 1, 1, 1, 1, 1, 7, 4),
(94, '2007-11-22', 215185, '21', '1813573', '1991452', 'Mock Turtle. \'She.', 3, 1, 1, 2, 9, 4, 5),
(95, '1986-11-20', 1598422, '94', '1906347', '942747', 'Five. \'I.', 4, 2, 2, 3, 3, 1, 4),
(96, '1982-09-07', 1394681, '93', '798664', '1676274', 'March Hare. \'Then.', 5, 2, 1, 3, 7, 3, 4),
(97, '1984-05-17', 1927423, '51', '1664792', '1267270', 'So she began.', 2, 1, 1, 3, 1, 6, 5),
(98, '1970-05-06', 1403046, '6', '1419861', '1346096', 'Will you.', 4, 2, 2, 1, 6, 2, 1),
(99, '1979-08-16', 174046, '18', '447455', '301943', 'Alice.', 5, 1, 1, 2, 4, 3, 1),
(100, '1996-05-03', 397348, '83', '757037', '1948579', 'I shall have to.', 4, 2, 2, 5, 1, 6, 5);

-- --------------------------------------------------------

--
-- Estructura de tabla para la tabla `rub_rubro`
--

CREATE TABLE `rub_rubro` (
  `RUB_COD` int(10) UNSIGNED NOT NULL,
  `RUB_DESC` varchar(45) COLLATE utf8mb4_unicode_ci NOT NULL
) ENGINE=InnoDB DEFAULT CHARSET=utf8mb4 COLLATE=utf8mb4_unicode_ci;

--
-- Volcado de datos para la tabla `rub_rubro`
--

INSERT INTO `rub_rubro` (`RUB_COD`, `RUB_DESC`) VALUES
(1, 'AGRICULTURA, GANADERÍA, CAZA Y SILVICULTURA'),
(2, 'PESCA'),
(3, 'EXPLOTACIÓN DE MINAS Y CANTERAS'),
(4, 'INDUSTRIAS MANUFACTURERAS NO METÁLICAS'),
(5, 'INDUSTRIAS MANUFACTURERAS METÁLICAS'),
(6, 'SUMINISTRO DE ELECTRICIDAD, GAS Y AGUA'),
(7, 'CONSTRUCCIÓN'),
(8, 'COMERCIO AL POR MAYOR Y MENOR; REP. VEH.AUTOM'),
(9, 'HOTELES Y RESTAURANTES'),
(10, 'TRANSPORTE, ALMACENAMIENTO Y COMUNICACIONES'),
(11, 'INTERMEDIACIÓN FINANCIERA'),
(12, 'ACTIVIDADES INMOBILIARIAS, EMPRESARIALES Y DE'),
(13, 'ADM. PÚBLICA Y DEFENSA; PLANES DE SEG. SOCIAL'),
(14, 'ENSEÑANZA'),
(15, 'SERVICIOS SOCIALES Y DE SALUD'),
(16, 'OTRAS ACTIVIDADES DE SERVICIOS COMUNITARIAS, '),
(17, 'CONSEJO DE ADMINISTRACIÓN DE EDIFICIOS Y COND'),
(18, 'ORGANIZACIONES Y ÓRGANOS EXTRATERRITORIALES');

-- --------------------------------------------------------

--
-- Estructura de tabla para la tabla `ser_servicios`
--

CREATE TABLE `ser_servicios` (
  `SER_COD` int(10) UNSIGNED NOT NULL,
  `SER_DESC` varchar(200) COLLATE utf8mb4_unicode_ci NOT NULL,
  `SER_ESTADO` varchar(45) COLLATE utf8mb4_unicode_ci NOT NULL,
  `SER_UNIDAD_MEDIDA` varchar(45) COLLATE utf8mb4_unicode_ci NOT NULL,
  `SER_PRECIO_COSTO` int(11) NOT NULL,
  `SER_PRECIO_VENTA` int(11) NOT NULL,
  `SER_CANTIDAD` int(11) NOT NULL,
  `SER_TIEMPO_EJECUCION` text COLLATE utf8mb4_unicode_ci NOT NULL,
  `SER_GARANTIAS` text COLLATE utf8mb4_unicode_ci NOT NULL,
  `SER_PUBLICO_OBJETIVO` text COLLATE utf8mb4_unicode_ci NOT NULL,
  `SER_CAPACIDAD_EJECUCION` varchar(45) COLLATE utf8mb4_unicode_ci NOT NULL,
  `SER_IMPUESTO` int(11) NOT NULL,
  `SER_FECHA_CREACION` date NOT NULL,
  `SER_MONEDA_VENTA` varchar(45) COLLATE utf8mb4_unicode_ci NOT NULL,
  `SER_PRO_RUN` varchar(10) COLLATE utf8mb4_unicode_ci NOT NULL
) ENGINE=InnoDB DEFAULT CHARSET=utf8mb4 COLLATE=utf8mb4_unicode_ci;

-- --------------------------------------------------------

--
-- Estructura de tabla para la tabla `sf_solicitud_fondo`
--

CREATE TABLE `sf_solicitud_fondo` (
  `SF_SOLICITUD_ID` int(10) UNSIGNED NOT NULL,
  `SF_ASOCIADO_A` varchar(45) COLLATE utf8mb4_unicode_ci DEFAULT NULL,
  `SF_RECEPTOR` varchar(45) COLLATE utf8mb4_unicode_ci NOT NULL,
  `SF_N_CTA_RECEPTOR` varchar(45) COLLATE utf8mb4_unicode_ci NOT NULL,
  `SF_SOLICITANTE_RUT` varchar(10) COLLATE utf8mb4_unicode_ci NOT NULL,
  `SF_RECEPTOR_RUT` varchar(10) COLLATE utf8mb4_unicode_ci NOT NULL,
  `SF_MONTO` int(11) NOT NULL,
  `SF_FECHA` date NOT NULL,
  `SF_DESC` text COLLATE utf8mb4_unicode_ci NOT NULL,
  `SF_MONTO_RENDIDO` int(11) DEFAULT NULL,
  `SF_DIFERENCIA` int(11) DEFAULT NULL,
  `SF_CAU_ID` int(10) UNSIGNED NOT NULL,
  `SF_EMP_ID` int(10) UNSIGNED NOT NULL,
  `SF_BCO_ID` int(10) UNSIGNED NOT NULL,
  `SF_TIPO_CTA_BCO` int(10) UNSIGNED NOT NULL,
  `SF_EST` int(10) UNSIGNED NOT NULL,
  `SF_CTAC` int(10) UNSIGNED NOT NULL,
  `SF_OT_ID` int(10) UNSIGNED DEFAULT NULL
) ENGINE=InnoDB DEFAULT CHARSET=utf8mb4 COLLATE=utf8mb4_unicode_ci;

--
-- Volcado de datos para la tabla `sf_solicitud_fondo`
--

INSERT INTO `sf_solicitud_fondo` (`SF_SOLICITUD_ID`, `SF_ASOCIADO_A`, `SF_RECEPTOR`, `SF_N_CTA_RECEPTOR`, `SF_SOLICITANTE_RUT`, `SF_RECEPTOR_RUT`, `SF_MONTO`, `SF_FECHA`, `SF_DESC`, `SF_MONTO_RENDIDO`, `SF_DIFERENCIA`, `SF_CAU_ID`, `SF_EMP_ID`, `SF_BCO_ID`, `SF_TIPO_CTA_BCO`, `SF_EST`, `SF_CTAC`, `SF_OT_ID`) VALUES
(1, '29', '16512070-5', '144117', '16512070-5', '16512070-5', 490293, '1994-04-16', 'I\'ll get into.', NULL, NULL, 3, 1, 5, 1, 3, 99, 37),
(2, '75', '16512070-5', '133143', '16512070-5', '16512070-5', 367609, '1971-03-01', 'Alice thought.', NULL, NULL, 4, 2, 6, 2, 10, 92, 31),
(3, '68', '16512070-5', '173804', '16512070-5', '16512070-5', 1196492, '1980-03-17', 'Dinn may be,\'.', NULL, NULL, 8, 5, 8, 1, 8, 8, 49),
(4, '51', '16512070-5', '173574', '16512070-5', '16512070-5', 939163, '1999-09-04', 'Hatter.', NULL, NULL, 6, 5, 17, 2, 4, 7, 64),
(5, '36', '16512070-5', '198454', '16512070-5', '16512070-5', 1881912, '2011-04-02', 'It was the.', NULL, NULL, 3, 5, 6, 2, 10, 11, 62),
(6, '2', '16512070-5', '119082', '16512070-5', '16512070-5', 1618437, '2012-02-14', 'WAS a narrow.', NULL, NULL, 7, 4, 16, 1, 2, 53, 72),
(7, '53', '16512070-5', '124094', '16512070-5', '16512070-5', 134698, '1995-05-01', 'Alice as he.', NULL, NULL, 9, 4, 16, 2, 1, 99, 59),
(8, '21', '16512070-5', '115091', '16512070-5', '16512070-5', 412929, '1973-03-07', 'Dinah!\' she.', NULL, NULL, 6, 1, 7, 1, 7, 15, 2),
(9, '35', '16512070-5', '167117', '16512070-5', '16512070-5', 1286021, '2001-07-24', 'I hadn\'t cried.', NULL, NULL, 3, 2, 16, 2, 4, 90, 47),
(10, '65', '16512070-5', '131428', '16512070-5', '16512070-5', 1029611, '1975-02-01', 'Hatter..', NULL, NULL, 9, 3, 1, 2, 10, 92, 58),
(11, '22', '16512070-5', '143684', '16512070-5', '16512070-5', 830121, '2009-08-15', 'How puzzling all.', NULL, NULL, 7, 4, 14, 2, 10, 4, 26),
(12, '66', '16512070-5', '155410', '16512070-5', '16512070-5', 637266, '1984-05-26', 'Duchess, \'as.', NULL, NULL, 2, 3, 16, 2, 3, 52, 41),
(13, '60', '16512070-5', '199653', '16512070-5', '16512070-5', 530601, '2017-06-16', 'I know is.', NULL, NULL, 2, 2, 13, 2, 10, 88, 13),
(14, '31', '16512070-5', '182924', '16512070-5', '16512070-5', 1180215, '1986-07-05', 'Duchess\'s.', NULL, NULL, 3, 4, 7, 1, 5, 1, 38),
(15, '77', '16512070-5', '158983', '16512070-5', '16512070-5', 1955382, '1981-10-18', 'I must, I.', NULL, NULL, 4, 4, 16, 1, 9, 28, 28),
(16, '21', '16512070-5', '197838', '16512070-5', '16512070-5', 1654504, '2009-08-02', 'Alice, as the.', NULL, NULL, 5, 5, 10, 1, 3, 10, 51),
(17, '32', '16512070-5', '154968', '16512070-5', '16512070-5', 1811389, '2003-12-21', 'March.', NULL, NULL, 7, 2, 5, 2, 7, 82, 93),
(18, '18', '16512070-5', '137430', '16512070-5', '16512070-5', 672955, '1985-11-27', 'Tortoise.', NULL, NULL, 4, 4, 14, 2, 4, 17, 85),
(19, '23', '16512070-5', '199314', '16512070-5', '16512070-5', 499731, '1994-09-28', 'Alice.', NULL, NULL, 1, 2, 12, 2, 2, 8, 29),
(20, '63', '16512070-5', '102102', '16512070-5', '16512070-5', 424411, '2008-04-20', 'CAN all.', NULL, NULL, 9, 1, 13, 1, 1, 67, 41),
(21, '83', '16512070-5', '168475', '16512070-5', '16512070-5', 1694157, '1989-05-02', 'She did not.', NULL, NULL, 4, 4, 2, 2, 7, 41, 37),
(22, '39', '16512070-5', '185735', '16512070-5', '16512070-5', 1547068, '1997-07-31', 'March Hare and.', NULL, NULL, 3, 4, 5, 1, 1, 49, 24),
(23, '35', '16512070-5', '102331', '16512070-5', '16512070-5', 212839, '1990-05-31', 'The Rabbit Sends.', NULL, NULL, 6, 3, 3, 2, 4, 62, 50),
(24, '7', '16512070-5', '168426', '16512070-5', '16512070-5', 1225859, '2004-03-16', 'March.', NULL, NULL, 9, 5, 1, 2, 4, 11, 36),
(25, '85', '16512070-5', '144356', '16512070-5', '16512070-5', 1192109, '1994-06-10', 'But she.', NULL, NULL, 9, 2, 5, 1, 5, 60, 64),
(26, '37', '16512070-5', '186724', '16512070-5', '16512070-5', 1510717, '2012-08-30', 'Gryphon..', NULL, NULL, 4, 1, 12, 1, 10, 18, 28),
(27, '50', '16512070-5', '193959', '16512070-5', '16512070-5', 1133670, '1997-05-22', 'Rabbit\'s voice;.', NULL, NULL, 6, 3, 1, 1, 4, 74, 10),
(28, '38', '16512070-5', '120038', '16512070-5', '16512070-5', 1901343, '2000-02-07', 'Latitude or.', NULL, NULL, 3, 3, 17, 2, 3, 21, 69),
(29, '97', '16512070-5', '185193', '16512070-5', '16512070-5', 1146708, '2011-08-23', 'I used to come.', NULL, NULL, 6, 3, 2, 2, 6, 51, 13),
(30, '25', '16512070-5', '195362', '16512070-5', '16512070-5', 378478, '2014-10-21', 'Alice, \'to.', NULL, NULL, 6, 4, 5, 1, 3, 94, 59),
(31, '36', '16512070-5', '173143', '16512070-5', '16512070-5', 1046882, '1996-05-01', 'They all sat.', NULL, NULL, 1, 5, 15, 2, 7, 49, 35),
(32, '61', '16512070-5', '172255', '16512070-5', '16512070-5', 1754064, '1986-05-04', 'IN the.', NULL, NULL, 8, 1, 9, 1, 4, 1, 21),
(33, '92', '16512070-5', '175729', '16512070-5', '16512070-5', 1504828, '1971-02-16', 'I dare say.', NULL, NULL, 5, 5, 8, 1, 5, 85, 34),
(34, '96', '16512070-5', '187376', '16512070-5', '16512070-5', 1388969, '1995-08-10', 'I am in.', NULL, NULL, 7, 1, 9, 2, 6, 2, 62),
(35, '78', '16512070-5', '187824', '16512070-5', '16512070-5', 812442, '1991-02-26', 'And concluded.', NULL, NULL, 9, 2, 2, 2, 4, 28, 28),
(36, '88', '16512070-5', '167460', '16512070-5', '16512070-5', 877044, '1983-04-11', 'Gryphon..', NULL, NULL, 9, 2, 3, 1, 6, 80, 55),
(37, '82', '16512070-5', '166044', '16512070-5', '16512070-5', 1754740, '1974-10-14', 'MORE THAN A.', NULL, NULL, 5, 1, 15, 2, 3, 98, 81),
(38, '95', '16512070-5', '151067', '16512070-5', '16512070-5', 332423, '2006-06-19', 'Twinkle.', NULL, NULL, 4, 2, 13, 1, 9, 66, 49),
(39, '99', '16512070-5', '192640', '16512070-5', '16512070-5', 492264, '2015-10-18', 'She.', NULL, NULL, 2, 3, 4, 1, 2, 45, 10),
(40, '28', '16512070-5', '100202', '16512070-5', '16512070-5', 1286672, '2005-07-11', 'So they went on.', NULL, NULL, 9, 2, 4, 2, 8, 86, 95),
(41, '91', '16512070-5', '180144', '16512070-5', '16512070-5', 916605, '1995-06-01', 'How I wonder who.', NULL, NULL, 4, 2, 12, 2, 8, 5, 32),
(42, '46', '16512070-5', '170984', '16512070-5', '16512070-5', 1634652, '2002-12-27', 'For some.', NULL, NULL, 4, 1, 11, 1, 9, 90, 16),
(43, '74', '16512070-5', '164177', '16512070-5', '16512070-5', 169527, '1982-05-16', 'Alice soon began.', NULL, NULL, 6, 3, 3, 2, 4, 37, 76),
(44, '57', '16512070-5', '170134', '16512070-5', '16512070-5', 1292053, '2009-10-13', 'Why, there\'s.', NULL, NULL, 4, 2, 15, 1, 3, 56, 98),
(45, '49', '16512070-5', '161615', '16512070-5', '16512070-5', 1014828, '2017-02-28', 'They had a.', NULL, NULL, 7, 4, 8, 1, 7, 43, 60),
(46, '31', '16512070-5', '152720', '16512070-5', '16512070-5', 1934243, '2008-02-24', 'Footman.', NULL, NULL, 4, 2, 15, 1, 4, 83, 28),
(47, '31', '16512070-5', '141108', '16512070-5', '16512070-5', 983058, '2013-03-14', 'English!\' said.', NULL, NULL, 7, 4, 3, 2, 4, 91, 20),
(48, '52', '16512070-5', '169490', '16512070-5', '16512070-5', 391090, '2008-06-13', 'King, and.', NULL, NULL, 7, 4, 1, 2, 9, 34, 71),
(49, '13', '16512070-5', '164641', '16512070-5', '16512070-5', 203899, '1997-08-31', 'Cat said.', NULL, NULL, 7, 4, 6, 2, 2, 93, 36),
(50, '7', '16512070-5', '106141', '16512070-5', '16512070-5', 1607847, '2006-05-02', 'I shall see.', NULL, NULL, 7, 3, 11, 2, 2, 52, 61),
(51, '44', '16512070-5', '112201', '16512070-5', '16512070-5', 144783, '2002-11-18', 'VERY short.', NULL, NULL, 7, 4, 5, 1, 8, 85, 69),
(52, '70', '16512070-5', '174181', '16512070-5', '16512070-5', 1161846, '2017-11-23', 'I am in.', NULL, NULL, 2, 1, 7, 1, 3, 7, 65),
(53, '53', '16512070-5', '197873', '16512070-5', '16512070-5', 611498, '1997-07-11', 'Duck. \'Found.', NULL, NULL, 2, 3, 11, 2, 1, 84, 73),
(54, '10', '16512070-5', '141071', '16512070-5', '16512070-5', 1807590, '1999-01-28', 'Hatter. \'Nor.', NULL, NULL, 8, 1, 3, 2, 9, 97, 60),
(55, '65', '16512070-5', '100735', '16512070-5', '16512070-5', 1820335, '2014-06-18', 'Ann! Mary.', NULL, NULL, 9, 4, 4, 2, 5, 30, 32),
(56, '31', '16512070-5', '137728', '16512070-5', '16512070-5', 684933, '1977-06-01', 'The March.', NULL, NULL, 4, 2, 11, 1, 3, 35, 20),
(57, '6', '16512070-5', '108012', '16512070-5', '16512070-5', 436587, '1971-12-27', 'I know all.', NULL, NULL, 7, 2, 12, 2, 2, 15, 17),
(58, '94', '16512070-5', '121872', '16512070-5', '16512070-5', 316887, '2016-04-08', 'I to get.', NULL, NULL, 2, 2, 16, 2, 1, 67, 98),
(59, '36', '16512070-5', '126765', '16512070-5', '16512070-5', 251217, '2015-02-17', 'Alice didn\'t think.', NULL, NULL, 7, 3, 3, 1, 10, 86, 85),
(60, '89', '16512070-5', '124964', '16512070-5', '16512070-5', 325311, '1989-03-09', 'Alice heard.', NULL, NULL, 9, 1, 2, 1, 8, 58, 8),
(61, '98', '16512070-5', '143419', '16512070-5', '16512070-5', 1776335, '1978-10-15', 'Alice dodged.', NULL, NULL, 6, 5, 11, 1, 3, 43, 69),
(62, '42', '16512070-5', '136500', '16512070-5', '16512070-5', 1020533, '2014-06-03', 'So Bill\'s got to.', NULL, NULL, 3, 2, 17, 2, 1, 66, 73),
(63, '53', '16512070-5', '194672', '16512070-5', '16512070-5', 1572773, '2008-03-12', 'I don\'t.', NULL, NULL, 9, 5, 11, 2, 3, 98, 77),
(64, '86', '16512070-5', '106373', '16512070-5', '16512070-5', 906395, '1999-08-10', 'Oh, I.', NULL, NULL, 9, 5, 2, 2, 9, 97, 29),
(65, '47', '16512070-5', '146118', '16512070-5', '16512070-5', 789709, '1997-10-14', 'She.', NULL, NULL, 7, 1, 3, 2, 3, 65, 83),
(66, '76', '16512070-5', '189931', '16512070-5', '16512070-5', 976655, '1972-05-15', 'Alice, very.', NULL, NULL, 9, 3, 12, 2, 7, 51, 11),
(67, '79', '16512070-5', '152495', '16512070-5', '16512070-5', 678915, '1972-01-21', 'I should think!\'.', NULL, NULL, 6, 5, 14, 2, 7, 2, 95),
(68, '19', '16512070-5', '184574', '16512070-5', '16512070-5', 1725010, '1974-03-14', 'VERY tired.', NULL, NULL, 1, 3, 6, 1, 7, 88, 20),
(69, '7', '16512070-5', '132851', '16512070-5', '16512070-5', 724966, '2017-05-09', 'Alice thought.', NULL, NULL, 6, 5, 17, 1, 4, 12, 99),
(70, '80', '16512070-5', '168139', '16512070-5', '16512070-5', 1018068, '2004-11-07', 'I\'ll go round a.', NULL, NULL, 7, 4, 1, 1, 8, 85, 35),
(71, '58', '16512070-5', '114157', '16512070-5', '16512070-5', 1382763, '1970-01-20', 'White.', NULL, NULL, 8, 4, 7, 2, 7, 85, 79),
(72, '99', '16512070-5', '175155', '16512070-5', '16512070-5', 752794, '1985-09-22', 'But do cats.', NULL, NULL, 1, 1, 10, 2, 9, 94, 96),
(73, '24', '16512070-5', '162980', '16512070-5', '16512070-5', 437064, '1988-01-24', 'King said to.', NULL, NULL, 9, 2, 7, 2, 1, 48, 83),
(74, '70', '16512070-5', '124766', '16512070-5', '16512070-5', 1508869, '1974-06-09', 'Mouse with an.', NULL, NULL, 2, 4, 17, 2, 5, 68, 47),
(75, '93', '16512070-5', '171321', '16512070-5', '16512070-5', 1316944, '1993-09-28', 'Gryphon repeated.', NULL, NULL, 3, 2, 14, 2, 4, 21, 41),
(76, '1', '16512070-5', '134975', '16512070-5', '16512070-5', 112864, '1972-03-31', '.', NULL, NULL, 2, 1, 5, 2, 6, 68, 83),
(77, '91', '16512070-5', '108324', '16512070-5', '16512070-5', 1143925, '1997-09-15', 'Gryphon at the.', NULL, NULL, 4, 3, 13, 1, 3, 87, 9),
(78, '57', '16512070-5', '139726', '16512070-5', '16512070-5', 1493640, '2014-10-20', 'The.', NULL, NULL, 4, 3, 5, 1, 2, 7, 63),
(79, '36', '16512070-5', '154469', '16512070-5', '16512070-5', 226121, '2009-02-07', 'IN the.', NULL, NULL, 8, 1, 12, 2, 3, 90, 95),
(80, '63', '16512070-5', '122240', '16512070-5', '16512070-5', 951242, '2001-11-19', 'Let this be a.', NULL, NULL, 7, 3, 7, 2, 7, 67, 61),
(81, '65', '16512070-5', '184384', '16512070-5', '16512070-5', 793893, '1991-03-06', 'Footman remarked.', NULL, NULL, 4, 1, 11, 1, 6, 90, 14),
(82, '26', '16512070-5', '133210', '16512070-5', '16512070-5', 129588, '2001-08-30', 'Duchess\'s voice.', NULL, NULL, 7, 5, 16, 2, 3, 1, 44),
(83, '16', '16512070-5', '112098', '16512070-5', '16512070-5', 189389, '1999-10-24', 'CHAPTER VI..', NULL, NULL, 4, 2, 6, 2, 8, 62, 96),
(84, '97', '16512070-5', '156671', '16512070-5', '16512070-5', 194192, '2000-10-23', 'Gryphon, and.', NULL, NULL, 3, 5, 16, 2, 5, 29, 83),
(85, '61', '16512070-5', '157399', '16512070-5', '16512070-5', 126405, '2006-04-28', 'Do come back in.', NULL, NULL, 5, 1, 9, 1, 3, 73, 48),
(86, '88', '16512070-5', '150957', '16512070-5', '16512070-5', 1643621, '1976-11-09', 'While.', NULL, NULL, 2, 4, 14, 2, 1, 49, 35),
(87, '25', '16512070-5', '173092', '16512070-5', '16512070-5', 119786, '2011-05-20', 'Mock Turtle.', NULL, NULL, 5, 3, 3, 1, 3, 35, 15),
(88, '50', '16512070-5', '146192', '16512070-5', '16512070-5', 451234, '1974-11-10', 'WAS a narrow.', NULL, NULL, 5, 4, 9, 1, 7, 91, 96),
(89, '36', '16512070-5', '156898', '16512070-5', '16512070-5', 618788, '1974-02-08', 'So they went.', NULL, NULL, 5, 1, 16, 2, 2, 87, 1),
(90, '98', '16512070-5', '174910', '16512070-5', '16512070-5', 172777, '1973-10-26', 'France-- Then.', NULL, NULL, 2, 4, 4, 1, 7, 45, 13),
(91, '23', '16512070-5', '151496', '16512070-5', '16512070-5', 190733, '2006-06-13', 'Hatter.', NULL, NULL, 4, 5, 15, 2, 1, 58, 69),
(92, '46', '16512070-5', '165479', '16512070-5', '16512070-5', 1319465, '2015-10-22', 'Lory, who.', NULL, NULL, 6, 1, 12, 2, 4, 5, 50),
(93, '10', '16512070-5', '133660', '16512070-5', '16512070-5', 300367, '2004-10-24', 'Alice. \'Why?\'.', NULL, NULL, 1, 3, 9, 1, 7, 96, 77),
(94, '20', '16512070-5', '112683', '16512070-5', '16512070-5', 292118, '1975-03-06', 'Gryphon. \'Turn.', NULL, NULL, 2, 3, 15, 1, 4, 23, 19),
(95, '51', '16512070-5', '129805', '16512070-5', '16512070-5', 1477008, '1983-12-08', 'I shall remember.', NULL, NULL, 8, 2, 5, 1, 10, 36, 31),
(96, '3', '16512070-5', '117939', '16512070-5', '16512070-5', 984054, '1979-02-16', 'I think?\'.', NULL, NULL, 4, 3, 6, 1, 4, 60, 84),
(97, '80', '16512070-5', '154842', '16512070-5', '16512070-5', 1812941, '1982-02-19', 'Caterpillar;.', NULL, NULL, 7, 5, 9, 1, 8, 63, 97),
(98, '1', '16512070-5', '186653', '16512070-5', '16512070-5', 1596460, '1977-11-27', 'Knave. The.', NULL, NULL, 5, 5, 2, 2, 6, 87, 40),
(99, '89', '16512070-5', '103013', '16512070-5', '16512070-5', 1767816, '2008-04-20', 'The other.', NULL, NULL, 8, 5, 13, 1, 5, 93, 45),
(100, '14', '16512070-5', '134529', '16512070-5', '16512070-5', 1277734, '2001-11-24', 'Dormouse;.', NULL, NULL, 5, 2, 8, 2, 7, 26, 2);

-- --------------------------------------------------------

--
-- Estructura de tabla para la tabla `stp_servicios_tecnicos_profesionales`
--

CREATE TABLE `stp_servicios_tecnicos_profesionales` (
  `STP_COD` int(10) UNSIGNED NOT NULL,
  `STP_DESCRIPCION` text COLLATE utf8mb4_unicode_ci NOT NULL,
  `STP_FORMACION` text COLLATE utf8mb4_unicode_ci NOT NULL,
  `STP_FORMACION_ESTABLECIMIENTO` varchar(45) COLLATE utf8mb4_unicode_ci NOT NULL,
  `STP_CARRERA` varchar(45) COLLATE utf8mb4_unicode_ci NOT NULL,
  `STP_ANHOS_EXPERIENCIA` int(11) NOT NULL,
  `STP_FORTALEZAS` text COLLATE utf8mb4_unicode_ci NOT NULL,
  `STP_DEBILIDADES` text COLLATE utf8mb4_unicode_ci NOT NULL,
  `STP_DESC_EXP_LABORAL` text COLLATE utf8mb4_unicode_ci NOT NULL,
  `STP_BUSC_O_OF` varchar(45) COLLATE utf8mb4_unicode_ci NOT NULL,
  `STP_CURSOS_PST_GRADOS` text COLLATE utf8mb4_unicode_ci NOT NULL,
  `STP_COB_SERV` text COLLATE utf8mb4_unicode_ci NOT NULL,
  `STP_OFREZCO` text COLLATE utf8mb4_unicode_ci NOT NULL,
  `STP_VALOR` int(11) NOT NULL,
  `STP_CALIFICACION` varchar(45) COLLATE utf8mb4_unicode_ci DEFAULT NULL,
  `STP_COMENTARIO` text COLLATE utf8mb4_unicode_ci,
  `STP_PRO_RUN` varchar(10) COLLATE utf8mb4_unicode_ci NOT NULL,
  `STP_ESTA_ID` int(10) UNSIGNED NOT NULL,
  `STP_ESTP_ID` int(10) UNSIGNED NOT NULL,
  `STP_OR_COD` int(10) UNSIGNED NOT NULL
) ENGINE=InnoDB DEFAULT CHARSET=utf8mb4 COLLATE=utf8mb4_unicode_ci;

-- --------------------------------------------------------

--
-- Estructura de tabla para la tabla `sub_rub_rubro`
--

CREATE TABLE `sub_rub_rubro` (
  `SUB_RUB_COD` int(10) UNSIGNED NOT NULL,
  `RUB_COD` int(11) NOT NULL,
  `SUB_RUB_DESC` varchar(45) COLLATE utf8mb4_unicode_ci NOT NULL
) ENGINE=InnoDB DEFAULT CHARSET=utf8mb4 COLLATE=utf8mb4_unicode_ci;

--
-- Volcado de datos para la tabla `sub_rub_rubro`
--

INSERT INTO `sub_rub_rubro` (`SUB_RUB_COD`, `RUB_COD`, `SUB_RUB_DESC`) VALUES
(1, 1, 'CULTIVOS EN GENERAL, CULTIVO DE PRODUCTOS DE '),
(2, 1, 'CRÍA DE ANIMALES'),
(3, 1, 'CULTIVO PROD. AGRÍCOLAS EN COMBINACIÓN CON CR'),
(4, 1, 'ACTIVIDADES DE SERVICIOS AGRÍCOLAS Y GANADERO'),
(5, 1, 'CAZA ORDINARIA Y MEDIANTE TRAMPAS, REPOBLACIÓ'),
(6, 1, 'SILVICULTURA, EXTRACCIÓN DE MADERA Y ACTIVIDA'),
(7, 2, 'EXPLT. DE CRIADEROS DE PECES Y PROD. DEL MAR)'),
(8, 2, 'PESCA EXTRACTIVA: Y SERVICIOS RELACIONADOS'),
(9, 3, 'EXTRACCIÓN, AGLOMERACIÓN DE CARBÓN DE PIEDRA,'),
(10, 3, 'EXTRACCIÓN DE PETRÓLEO CRUDO Y GAS NATURAL); '),
(11, 3, 'EXTRACCIÓN DE MINERALES METALÍFEROS'),
(12, 3, 'EXPLOTACIÓN DE MINAS Y CANTERAS'),
(13, 4, 'PRODUCCIÓN, PROCESAMIENTO Y CONSERVACIÓN DE A'),
(14, 4, 'ELABORACIÓN DE PRODUCTOS LÁCTEOS'),
(15, 4, 'ELAB. DE PROD. DE MOLINERÍA, ALMIDONES Y PROD'),
(16, 4, 'ELABORACIÓN DE OTROS PRODUCTOS ALIMENTICIOS'),
(17, 4, 'ELABORACIÓN DE BEBIDAS'),
(18, 4, 'ELABORACIÓN DE PRODUCTOS DEL TABACO'),
(19, 4, 'HILANDERÍA, TEJEDURA Y ACABADO DE PRODUCTOS T'),
(20, 4, 'FABRICACIÓN DE OTROS PRODUCTOS TEXTILES'),
(21, 4, 'FABRICACIÓN DE TEJIDOS Y ARTÍCULOS DE PUNTO Y'),
(22, 4, 'FABRICACIÓN DE PRENDAS DE VESTIR); EXCEPTO PR'),
(23, 4, 'PROCESAMIENTO Y FABRICACIÓN DE ARTÍCULOS DE P'),
(24, 4, 'FABRICACIÓN DE CALZADO'),
(25, 4, 'ASERRADO Y ACEPILLADURA DE MADERAS'),
(26, 4, 'FAB. DE PRODUCTOS DE MADERA Y CORCHO,  PAJA Y'),
(27, 4, 'FABRICACIÓN DE PAPEL Y PRODUCTOS DEL PAPEL'),
(28, 4, 'ACTIVIDADES DE EDICIÓN'),
(29, 4, 'ACTIVIDADES DE IMPRESIÓN Y DE SERVICIOS CONEX'),
(30, 4, 'FABRICACIÓN DE PRODUCTOS DE HORNOS COQUE Y DE'),
(31, 4, 'ELABORACIÓN DE COMBUSTIBLE NUCLEAR'),
(32, 4, 'FABRICACIÓN DE SUSTANCIAS QUÍMICAS BÁSICAS'),
(33, 4, 'FABRICACIÓN DE OTROS PRODUCTOS QUÍMICOS'),
(34, 4, 'FABRICACIÓN DE FIBRAS MANUFACTURADAS'),
(35, 4, 'FABRICACIÓN DE PRODUCTOS DE CAUCHO'),
(36, 4, 'FABRICACIÓN DE PRODUCTOS DE PLÁSTICO'),
(37, 4, 'FABRICACIÓN DE VIDRIOS Y PRODUCTOS DE VIDRIO'),
(38, 4, 'FABRICACIÓN DE PRODUCTOS MINERALES NO METÁLIC'),
(39, 5, 'INDUSTRIAS BÁSICAS DE HIERRO Y ACERO'),
(40, 5, 'FAB. DE PRODUCTOS PRIMARIOS DE METALES PRECIO'),
(41, 5, 'FUNDICIÓN DE METALES'),
(42, 5, 'FAB. DE PROD. METÁLICOS PARA USO ESTRUCTURAL'),
(43, 5, 'FAB. DE OTROS PROD. ELABORADOS DE METAL); ACT'),
(44, 5, 'FABRICACIÓN DE MAQUINARIA DE USO GENERAL'),
(45, 5, 'FABRICACIÓN DE MAQUINARIA DE USO ESPECIAL'),
(46, 5, 'FABRICACIÓN DE APARATOS DE USO DOMÉSTICO N.C.'),
(47, 5, 'FABRICACIÓN DE MAQUINARIA DE OFICINA, CONTABI'),
(48, 5, 'FAB. Y REPARACIÓN DE MOTORES, GENERADORES Y T'),
(49, 5, 'FABRICACIÓN DE APARATOS DE DISTRIBUCIÓN Y CON'),
(50, 5, 'FABRICACIÓN DE HILOS Y CABLES AISLADOS'),
(51, 5, 'FABRICACIÓN DE ACUMULADORES DE PILAS Y BATERÍ'),
(52, 5, 'FABRICACIÓN Y REPARACIÓN DE LÁMPARAS Y EQUIPO'),
(53, 5, 'FABRICACIÓN Y REPARACIÓN DE OTROS TIPOS DE EQ'),
(54, 5, 'FABRICACIÓN DE COMPONENTES ELECTRÓNICOS; SUS '),
(55, 5, 'FAB. Y REPARACIÓN DE TRANSMISORES DE RADIO, T'),
(56, 5, 'FAB. DE RECEPTORES DE RADIO, TELEVISIÓN, APAR'),
(57, 5, 'FAB. DE APARATOS E INSTRUMENTOS MÉDICOS Y PAR'),
(58, 5, 'FAB. Y REPARACIÓN DE INSTRUMENTOS DE ÓPTICA Y'),
(59, 5, 'FABRICACIÓN DE RELOJES'),
(60, 5, 'FABRICACIÓN DE VEHÍCULOS AUTOMOTORES'),
(61, 5, 'CONSTRUCCIÓN Y REPARACIÓN DE BUQUES Y OTRAS E'),
(62, 5, 'FAB. DE LOCOMOTORAS Y MATERIAL RODANTE PARA F'),
(63, 5, 'FABRICACIÓN DE AERONAVES Y NAVES ESPACIALES);'),
(64, 5, 'FABRICACIÓN DE OTROS TIPOS DE EQUIPO DE TRANS'),
(65, 5, 'FABRICACIÓN DE MUEBLES'),
(66, 5, 'INDUSTRIAS MANUFACTURERAS N.C.P.'),
(67, 5, 'RECICLAMIENTO DE DESPERDICIOS Y DESECHOS'),
(68, 6, 'GENERACIÓN, CAPTACIÓN Y DISTRIBUCIÓN DE ENERG'),
(69, 6, 'FABRICACIÓN DE GAS, DISTRIBUCIÓN DE COMBUSTIB'),
(70, 6, 'SUMINISTRO DE VAPOR Y AGUA CALIENTE'),
(71, 6, 'CAPTACIÓN, DEPURACIÓN Y DISTRIBUCIÓN DE AGUA'),
(72, 7, 'CONSTRUCCIÓN'),
(73, 8, 'VENTA DE VEHÍCULOS AUTOMOTORES'),
(74, 8, 'MANTENIMIENTO Y REPARACIÓN DE VEHÍCULOS AUTOM'),
(75, 8, 'VENTA DE PARTES, PIEZAS Y ACCESORIOS DE VEHÍC'),
(76, 8, 'VENTA, MANTENIMIENTO Y REPARACIÓN DE MOTOCICL'),
(77, 8, 'VENTA AL POR MENOR DE COMBUSTIBLE  PARA AUTOM'),
(78, 8, 'VENTA AL POR MAYOR A CAMBIO DE UNA RETRIBUCIÓ'),
(79, 8, 'VENTA AL POR MAYOR DE MATERIAS PRIMAS AGROPEC'),
(80, 8, 'VENTA AL POR MAYOR DE ENSERES DOMÉSTICOS'),
(81, 8, 'VENTA AL POR MAYOR DE PRODUCTOS INTERMEDIOS, '),
(82, 8, 'VENTA AL POR MAYOR DE MAQUINARÍA, EQUIPO Y MA'),
(83, 8, 'COMERCIO AL POR MENOR NO ESPECIALIZADO EN ALM'),
(84, 8, 'VENTA POR MENOR DE ALIMENTOS, BEBIDAS, TABACO'),
(85, 8, 'COMERCIO AL POR MENOR DE OTROS PROD. NUEVOS E'),
(86, 8, 'VENTA AL POR MENOR EN ALMACENES DE ARTÍCULOS '),
(87, 8, 'COMERCIO AL POR MENOR NO REALIZADO EN ALMACEN'),
(88, 8, 'REPARACIÓN DE EFECTOS PERSONALES Y ENSERES DO'),
(89, 9, 'HOTELES, CAMPAMENTOS Y OTROS TIPOS DE HOSPEDA'),
(90, 9, 'RESTAURANTES, BARES Y CANTINAS'),
(91, 10, 'TRANSPORTE POR FERROCARRILES'),
(92, 10, 'OTROS TIPOS DE TRANSPORTE POR VÍA TERRESTRE'),
(93, 10, 'TRANSPORTE POR TUBERÍAS'),
(94, 10, 'TRANSPORTE MARÍTIMO Y DE CABOTAJE'),
(95, 10, 'TRANSPORTE POR VÍAS DE NAVEGACIÓN INTERIORES'),
(96, 10, 'TRANSPORTE POR VÍA AÉREA'),
(97, 10, 'ACT. DE TRANSPORTE COMPLEMENTARIAS Y AUXILIAR'),
(98, 10, 'ACTIVIDADES POSTALES Y DE CORREO'),
(99, 10, 'TELECOMUNICACIONES'),
(100, 11, 'INTERMEDIACIÓN MONETARIA'),
(101, 11, 'OTROS TIPOS DE INTERMEDIACIÓN FINANCIERA'),
(102, 11, 'ACT. AUX. DE LA INTERMEDIACIÓN FINANCIERA, EX'),
(103, 11, 'ACT. AUXILIARES DE FINANCIACIÓN DE PLANES DE '),
(104, 12, 'ACTIVIDADES INMOBILIARIAS REALIZADAS CON BIEN'),
(105, 12, 'ACT. INMOBILIARIAS REALIZADAS A CAMBIO DE RET'),
(106, 12, 'ALQUILER EQUIPO DE TRANSPORTE'),
(107, 12, 'ALQUILER DE OTROS TIPOS DE MAQUINARIA Y EQUIP'),
(108, 12, 'ALQUILER DE EFECTOS PERSONALES Y ENSERES DOMÉ'),
(109, 12, 'SERVICIOS INFORMÁTICOS'),
(110, 12, 'MANTENIMIENTO Y REPARACIÓN DE MAQUINARIA DE O'),
(111, 12, 'ACTIVIDADES DE INVESTIGACIONES Y DESARROLLO E'),
(112, 12, 'ACTIVIDADES JURÍDICAS Y DE ASESORAMIENTO EMPR'),
(113, 12, 'ACTIVIDADES DE ARQUITECTURA E INGENIERÍA Y OT'),
(114, 12, 'PUBLICIDAD'),
(115, 12, 'ACT. EMPRESARIALES Y DE PROFESIONALES PRESTAD'),
(116, 13, 'GOBIERNO CENTRAL Y ADMINISTRACIÓN PÚBLICA'),
(117, 13, 'ACTIVIDADES DE PLANES DE SEGURIDAD SOCIAL DE '),
(118, 14, 'ENSEÑANZA PREESCOLAR, PRIMARIA, SECUNDARIA Y '),
(119, 15, 'ACTIVIDADES RELACIONADAS CON LA SALUD HUMANA'),
(120, 15, 'ACTIVIDADES VETERINARIAS'),
(121, 15, 'ACTIVIDADES DE SERVICIOS SOCIALES'),
(122, 16, 'ELIMINACIÓN DE DESPERDICIOS Y AGUAS RESIDUALE'),
(123, 16, 'ACT. DE ORGANIZACIONES EMPRESARIALES, PROFESI'),
(124, 16, 'ACTIVIDADES DE SINDICATOS Y DE OTRAS ORGANIZA'),
(125, 16, 'ACT. DE CINEMATOGRAFÍA, RADIO Y TV Y OTRAS AC'),
(126, 16, 'ACTIVIDADES DE AGENCIAS DE NOTICIAS Y SERVICI'),
(127, 16, 'ACTIVIDADES DE BIBLIOTECAS, ARCHIVOS Y MUSEOS'),
(128, 16, 'ACTIVIDADES DEPORTIVAS Y OTRAS ACTIVIDADES DE'),
(129, 16, 'OTRAS ACTIVIDADES DE SERVICIOS'),
(130, 17, 'CONSEJO DE ADMINISTRACION DE EDIFICIOS Y COND'),
(131, 18, 'ORGANIZACIONES Y ÓRGANOS EXTRATERRITORIALES');

-- --------------------------------------------------------

--
-- Estructura de tabla para la tabla `tcta`
--

CREATE TABLE `tcta` (
  `TCTA_BCO` int(10) UNSIGNED NOT NULL,
  `TCTA_DESC` varchar(45) COLLATE utf8mb4_unicode_ci NOT NULL
) ENGINE=InnoDB DEFAULT CHARSET=utf8mb4 COLLATE=utf8mb4_unicode_ci;

--
-- Volcado de datos para la tabla `tcta`
--

INSERT INTO `tcta` (`TCTA_BCO`, `TCTA_DESC`) VALUES
(1, 'CUENTA CORRIENTE'),
(2, 'CUENTA VISTA');

-- --------------------------------------------------------

--
-- Estructura de tabla para la tabla `tdc_tipo_doc`
--

CREATE TABLE `tdc_tipo_doc` (
  `TDC_ID` int(10) UNSIGNED NOT NULL,
  `TDC_DESC` varchar(45) COLLATE utf8mb4_unicode_ci NOT NULL
) ENGINE=InnoDB DEFAULT CHARSET=utf8mb4 COLLATE=utf8mb4_unicode_ci;

--
-- Volcado de datos para la tabla `tdc_tipo_doc`
--

INSERT INTO `tdc_tipo_doc` (`TDC_ID`, `TDC_DESC`) VALUES
(1, 'CHEQUE'),
(2, 'VALE VISTA'),
(3, 'BOLETA GARANTIA'),
(4, 'FACTURA'),
(5, 'FACTURA EXENTA'),
(6, 'SOLICITUD DE FONDO');

-- --------------------------------------------------------

--
-- Estructura de tabla para la tabla `tfct_tipo_factura`
--

CREATE TABLE `tfct_tipo_factura` (
  `TFCT_ID` int(10) UNSIGNED NOT NULL,
  `TFCT_DESC` text COLLATE utf8mb4_unicode_ci NOT NULL
) ENGINE=InnoDB DEFAULT CHARSET=utf8mb4 COLLATE=utf8mb4_unicode_ci;

-- --------------------------------------------------------

--
-- Estructura de tabla para la tabla `tmov_tipo_movimiento`
--

CREATE TABLE `tmov_tipo_movimiento` (
  `TMOV_ID` int(10) UNSIGNED NOT NULL,
  `TMOV_DESC` varchar(45) COLLATE utf8mb4_unicode_ci NOT NULL
) ENGINE=InnoDB DEFAULT CHARSET=utf8mb4 COLLATE=utf8mb4_unicode_ci;

--
-- Volcado de datos para la tabla `tmov_tipo_movimiento`
--

INSERT INTO `tmov_tipo_movimiento` (`TMOV_ID`, `TMOV_DESC`) VALUES
(1, 'Ingreso'),
(2, 'Egreso');

-- --------------------------------------------------------

--
-- Estructura de tabla para la tabla `tpg_tipo_gasto`
--

CREATE TABLE `tpg_tipo_gasto` (
  `TPG_ID` int(10) UNSIGNED NOT NULL,
  `TPG_DESC` varchar(45) COLLATE utf8mb4_unicode_ci NOT NULL
) ENGINE=InnoDB DEFAULT CHARSET=utf8mb4 COLLATE=utf8mb4_unicode_ci;

--
-- Volcado de datos para la tabla `tpg_tipo_gasto`
--

INSERT INTO `tpg_tipo_gasto` (`TPG_ID`, `TPG_DESC`) VALUES
(1, 'Servicios'),
(2, 'Insumos'),
(3, 'Materiales'),
(4, 'Operativos'),
(5, 'Nóminas');

-- --------------------------------------------------------

--
-- Estructura de tabla para la tabla `tp_tipo_proveedor`
--

CREATE TABLE `tp_tipo_proveedor` (
  `TP_COD` int(10) UNSIGNED NOT NULL,
  `TP_DESC` varchar(45) COLLATE utf8mb4_unicode_ci NOT NULL
) ENGINE=InnoDB DEFAULT CHARSET=utf8mb4 COLLATE=utf8mb4_unicode_ci;

--
-- Volcado de datos para la tabla `tp_tipo_proveedor`
--

INSERT INTO `tp_tipo_proveedor` (`TP_COD`, `TP_DESC`) VALUES
(1, 'RRHH'),
(2, 'EXTERNO'),
(3, 'EMPRESA');

--
-- Índices para tablas volcadas
--

--
-- Indices de la tabla `actividad`
--
ALTER TABLE `actividad`
  ADD PRIMARY KEY (`ACT_COD_COD`);

--
-- Indices de la tabla `arm_arriendo_maquinaria`
--
ALTER TABLE `arm_arriendo_maquinaria`
  ADD PRIMARY KEY (`ARM_ID`),
  ADD KEY `arm_arriendo_maquinaria_arm_pro_run_foreign` (`ARM_PRO_RUN`),
  ADD KEY `arm_arriendo_maquinaria_arm_esta_id_foreign` (`ARM_ESTA_ID`),
  ADD KEY `arm_arriendo_maquinaria_arm_estp_id_foreign` (`ARM_ESTP_ID`),
  ADD KEY `arm_arriendo_maquinaria_arm_or_cod_foreign` (`ARM_OR_COD`);

--
-- Indices de la tabla `bco_banco`
--
ALTER TABLE `bco_banco`
  ADD PRIMARY KEY (`BCO_ID`);

--
-- Indices de la tabla `car_cargo`
--
ALTER TABLE `car_cargo`
  ADD PRIMARY KEY (`CAR_ID`);

--
-- Indices de la tabla `cau_causa`
--
ALTER TABLE `cau_causa`
  ADD PRIMARY KEY (`CAU_ID`);

--
-- Indices de la tabla `cb_cartorla_bancaria`
--
ALTER TABLE `cb_cartorla_bancaria`
  ADD PRIMARY KEY (`CB_ID`),
  ADD KEY `cb_cartorla_bancaria_cb_tmov_id_foreign` (`CB_TMOV_ID`),
  ADD KEY `cb_cartorla_bancaria_cb_ctaeempresa_ctae_id_foreign` (`CB_CTAEEMPRESA_CTAE_ID`),
  ADD KEY `cb_cartorla_bancaria_cb_causa_id_foreign` (`CB_CAUSA_ID`);

--
-- Indices de la tabla `ccontacto`
--
ALTER TABLE `ccontacto`
  ADD PRIMARY KEY (`ID_CONT`);

--
-- Indices de la tabla `ciu_ciudad`
--
ALTER TABLE `ciu_ciudad`
  ADD PRIMARY KEY (`CIU_COD`),
  ADD KEY `ciu_ciudad_ciu_pv_cod_foreign` (`CIU_PV_COD`);

--
-- Indices de la tabla `cli_cliente`
--
ALTER TABLE `cli_cliente`
  ADD PRIMARY KEY (`CLI_RUT`),
  ADD KEY `cli_cliente_cli_tcta_bco_foreign` (`CLI_TCTA_BCO`),
  ADD KEY `cli_cliente_cli_banco_foreign` (`CLI_BANCO`),
  ADD KEY `cli_cliente_cli_pais_foreign` (`CLI_PAIS`),
  ADD KEY `cli_cliente_cli_region_foreign` (`CLI_REGION`),
  ADD KEY `cli_cliente_cli_provincia_foreign` (`CLI_PROVINCIA`),
  ADD KEY `cli_cliente_cli_ciudad_foreign` (`CLI_CIUDAD`),
  ADD KEY `cli_cliente_cli_rubro_foreign` (`CLI_RUBRO`),
  ADD KEY `cli_cliente_cli_sub_rubro_foreign` (`CLI_SUB_RUBRO`),
  ADD KEY `cli_cliente_cli_actividad_foreign` (`CLI_ACTIVIDAD`);

--
-- Indices de la tabla `ctae_cuenta_empresa`
--
ALTER TABLE `ctae_cuenta_empresa`
  ADD PRIMARY KEY (`CTAE_ID`),
  ADD KEY `ctae_cuenta_empresa_ctae_emp_id_foreign` (`CTAE_EMP_ID`),
  ADD KEY `ctae_cuenta_empresa_ctae_bco_id_foreign` (`CTAE_BCO_ID`);

--
-- Indices de la tabla `ct_centro_negocio`
--
ALTER TABLE `ct_centro_negocio`
  ADD PRIMARY KEY (`CT_ID`),
  ADD KEY `ct_centro_negocio_ct_emp_id_foreign` (`CT_EMP_ID`),
  ADD KEY `ct_centro_negocio_ct_pro_id_foreign` (`CT_PRO_ID`);

--
-- Indices de la tabla `dcp_documentos_pendientes`
--
ALTER TABLE `dcp_documentos_pendientes`
  ADD PRIMARY KEY (`DCP_ID`),
  ADD KEY `dcp_documentos_pendientes_emp_empresa_emp_id_foreign` (`EMP_EMPRESA_EMP_ID`),
  ADD KEY `dcp_documentos_pendientes_ot_orden_trabajo_ot_id_foreign` (`OT_ORDEN_TRABAJO_OT_ID`),
  ADD KEY `dcp_documentos_pendientes_tdc_tipo_doc_tdc_id_foreign` (`TDC_TIPO_DOC_TDC_ID`),
  ADD KEY `dcp_documentos_pendientes_dcp_est_foreign` (`DCP_EST`),
  ADD KEY `dcp_documentos_pendientes_dcp_pro_run_foreign` (`DCP_PRO_RUN`);

--
-- Indices de la tabla `doc_documento_rendicion`
--
ALTER TABLE `doc_documento_rendicion`
  ADD PRIMARY KEY (`DOC_ID`),
  ADD KEY `doc_documento_rendicion_doc_emp_id_foreign` (`DOC_EMP_ID`),
  ADD KEY `doc_documento_rendicion_doc_solicitud_id_foreign` (`DOC_SOLICITUD_ID`),
  ADD KEY `doc_documento_rendicion_doc_tipo_doc_foreign` (`DOC_TIPO_DOC`),
  ADD KEY `doc_documento_rendicion_doc_tipo_gasto_foreign` (`DOC_TIPO_GASTO`);

--
-- Indices de la tabla `emp_empresa`
--
ALTER TABLE `emp_empresa`
  ADD PRIMARY KEY (`EMP_ID`);

--
-- Indices de la tabla `ep_estado_proveedor`
--
ALTER TABLE `ep_estado_proveedor`
  ADD PRIMARY KEY (`EP_ID`);

--
-- Indices de la tabla `esta_estado_ofertas_admin`
--
ALTER TABLE `esta_estado_ofertas_admin`
  ADD PRIMARY KEY (`ESTA_COD`);

--
-- Indices de la tabla `estp_estado_oferta_prov`
--
ALTER TABLE `estp_estado_oferta_prov`
  ADD PRIMARY KEY (`ESTP_COD`);

--
-- Indices de la tabla `est_estado`
--
ALTER TABLE `est_estado`
  ADD PRIMARY KEY (`EST_ID`);

--
-- Indices de la tabla `fct_factura`
--
ALTER TABLE `fct_factura`
  ADD PRIMARY KEY (`FCT_ID`),
  ADD KEY `fct_factura_fct_emp_id_foreign` (`FCT_EMP_ID`),
  ADD KEY `fct_factura_fct_tp_id_foreign` (`FCT_TP_ID`),
  ADD KEY `fct_factura_tdc_tipo_doc_tdc_id_foreign` (`TDC_TIPO_DOC_TDC_ID`),
  ADD KEY `fct_factura_fct_cli_rut_foreign` (`FCT_CLI_RUT`),
  ADD KEY `fct_factura_fct_est_id_foreign` (`FCT_EST_ID`),
  ADD KEY `fct_factura_fct_ot_id_foreign` (`FCT_OT_ID`);

--
-- Indices de la tabla `fte_fuente`
--
ALTER TABLE `fte_fuente`
  ADD PRIMARY KEY (`FTE_ID`);

--
-- Indices de la tabla `inv_act_activos_internos`
--
ALTER TABLE `inv_act_activos_internos`
  ADD PRIMARY KEY (`ACT_ID`);

--
-- Indices de la tabla `inv_art_articulos`
--
ALTER TABLE `inv_art_articulos`
  ADD PRIMARY KEY (`ART_ID`),
  ADD KEY `inv_art_articulos_art_oc_cod_foreign` (`ART_OC_COD`);

--
-- Indices de la tabla `inv_fol_folio_orden_de_compra`
--
ALTER TABLE `inv_fol_folio_orden_de_compra`
  ADD PRIMARY KEY (`FOL_COD`),
  ADD KEY `inv_fol_folio_orden_de_compra_fol_emp_id_foreign` (`FOL_EMP_ID`),
  ADD KEY `inv_fol_folio_orden_de_compra_fol_oc_cod_foreign` (`FOL_OC_COD`);

--
-- Indices de la tabla `inv_fp_forma_de_pago`
--
ALTER TABLE `inv_fp_forma_de_pago`
  ADD PRIMARY KEY (`FP_ID`);

--
-- Indices de la tabla `inv_gd_guia_despacho`
--
ALTER TABLE `inv_gd_guia_despacho`
  ADD PRIMARY KEY (`GD_COD`),
  ADD KEY `inv_gd_guia_despacho_gd_oc_cod_foreign` (`GD_OC_COD`);

--
-- Indices de la tabla `inv_ins_insumos`
--
ALTER TABLE `inv_ins_insumos`
  ADD PRIMARY KEY (`INS_COD`),
  ADD KEY `inv_ins_insumos_ins_pro_run_foreign` (`INS_PRO_RUN`);

--
-- Indices de la tabla `inv_lvp_lista_venta_producto`
--
ALTER TABLE `inv_lvp_lista_venta_producto`
  ADD KEY `inv_lvp_lista_venta_producto_lvp_prod_cod_foreign` (`LVP_PROD_COD`),
  ADD KEY `inv_lvp_lista_venta_producto_lvp_v_id_foreign` (`LVP_V_ID`);

--
-- Indices de la tabla `inv_lvs_lista_venta_servicios`
--
ALTER TABLE `inv_lvs_lista_venta_servicios`
  ADD KEY `inv_lvs_lista_venta_servicios_lvs_ser_cod_foreign` (`LVS_SER_COD`),
  ADD KEY `inv_lvs_lista_venta_servicios_lvs_v_id_foreign` (`LVS_V_ID`);

--
-- Indices de la tabla `inv_oc_orden_de_compra`
--
ALTER TABLE `inv_oc_orden_de_compra`
  ADD PRIMARY KEY (`OC_COD`),
  ADD KEY `inv_oc_orden_de_compra_oc_pro_run_foreign` (`OC_PRO_RUN`);

--
-- Indices de la tabla `inv_prod_productos`
--
ALTER TABLE `inv_prod_productos`
  ADD PRIMARY KEY (`PROD_COD`),
  ADD KEY `inv_prod_productos_prod_pro_run_foreign` (`PROD_PRO_RUN`);

--
-- Indices de la tabla `inv_ri_retiro_insumos`
--
ALTER TABLE `inv_ri_retiro_insumos`
  ADD PRIMARY KEY (`RI_ID`),
  ADD KEY `inv_ri_retiro_insumos_ri_pro_run_foreign` (`RI_PRO_RUN`),
  ADD KEY `inv_ri_retiro_insumos_ri_ins_cod_foreign` (`RI_INS_COD`);

--
-- Indices de la tabla `inv_ser_servicios`
--
ALTER TABLE `inv_ser_servicios`
  ADD PRIMARY KEY (`SER_COD`),
  ADD KEY `inv_ser_servicios_ser_pro_run_foreign` (`SER_PRO_RUN`);

--
-- Indices de la tabla `inv_v_voucher`
--
ALTER TABLE `inv_v_voucher`
  ADD PRIMARY KEY (`V_ID`),
  ADD KEY `inv_v_voucher_v_fp_id_foreign` (`V_FP_ID`),
  ADD KEY `inv_v_voucher_v_pro_run_foreign` (`V_PRO_RUN`);

--
-- Indices de la tabla `migrations`
--
ALTER TABLE `migrations`
  ADD PRIMARY KEY (`id`);

--
-- Indices de la tabla `ofar_oferta_articulos`
--
ALTER TABLE `ofar_oferta_articulos`
  ADD PRIMARY KEY (`OFAR_ID`),
  ADD KEY `ofar_oferta_articulos_ofar_pro_run_foreign` (`OFAR_PRO_RUN`),
  ADD KEY `ofar_oferta_articulos_ofar_esta_id_foreign` (`OFAR_ESTA_ID`),
  ADD KEY `ofar_oferta_articulos_ofar_estp_id_foreign` (`OFAR_ESTP_ID`),
  ADD KEY `ofar_oferta_articulos_ofar_or_cod_foreign` (`OFAR_OR_COD`);

--
-- Indices de la tabla `ofser_oferta_servicio`
--
ALTER TABLE `ofser_oferta_servicio`
  ADD PRIMARY KEY (`OFSER_COD`),
  ADD KEY `ofser_oferta_servicio_ofser_pro_run_foreign` (`OFSER_PRO_RUN`),
  ADD KEY `ofser_oferta_servicio_ofser_esta_id_foreign` (`OFSER_ESTA_ID`),
  ADD KEY `ofser_oferta_servicio_ofser_estp_id_foreign` (`OFSER_ESTP_ID`),
  ADD KEY `ofser_oferta_servicio_ofser_or_cod_foreign` (`OFSER_OR_COD`);

--
-- Indices de la tabla `or_orientacion`
--
ALTER TABLE `or_orientacion`
  ADD PRIMARY KEY (`OR_COD`);

--
-- Indices de la tabla `ot_orden_trabajo`
--
ALTER TABLE `ot_orden_trabajo`
  ADD PRIMARY KEY (`OT_ID`),
  ADD KEY `ot_orden_trabajo_ot_cli_rut_foreign` (`OT_CLI_RUT`),
  ADD KEY `ot_orden_trabajo_ot_per_rut_encargado_foreign` (`OT_PER_RUT_ENCARGADO`),
  ADD KEY `ot_orden_trabajo_ot_centro_negocio_id_foreign` (`OT_CENTRO_NEGOCIO_ID`),
  ADD KEY `ot_orden_trabajo_ot_est_id_foreign` (`OT_EST_ID`);

--
-- Indices de la tabla `pai_pais`
--
ALTER TABLE `pai_pais`
  ADD PRIMARY KEY (`PAI_COD`);

--
-- Indices de la tabla `password_resets`
--
ALTER TABLE `password_resets`
  ADD KEY `password_resets_email_index` (`email`);

--
-- Indices de la tabla `prod_productos`
--
ALTER TABLE `prod_productos`
  ADD PRIMARY KEY (`PROD_COD`),
  ADD KEY `prod_productos_prod_pro_run_foreign` (`PROD_PRO_RUN`);

--
-- Indices de la tabla `pro_proceso`
--
ALTER TABLE `pro_proceso`
  ADD PRIMARY KEY (`PRO_ID`);

--
-- Indices de la tabla `pro_proveedor`
--
ALTER TABLE `pro_proveedor`
  ADD PRIMARY KEY (`PRO_RUN`),
  ADD KEY `pro_proveedor_pro_car_id_foreign` (`PRO_CAR_ID`),
  ADD KEY `pro_proveedor_pro_emp_foreign` (`PRO_EMP`),
  ADD KEY `pro_proveedor_pro_estado_personal_foreign` (`PRO_ESTADO_PERSONAL`),
  ADD KEY `pro_proveedor_pro_tp_cod_foreign` (`PRO_TP_COD`),
  ADD KEY `pro_proveedor_pro_bco_id_foreign` (`PRO_BCO_ID`),
  ADD KEY `pro_proveedor_pro_tcta_bco_foreign` (`PRO_TCTA_BCO`),
  ADD KEY `pro_proveedor_pro_pai_cod_foreign` (`PRO_PAI_COD`),
  ADD KEY `pro_proveedor_pro_pv_cod_foreign` (`PRO_PV_COD`),
  ADD KEY `pro_proveedor_pro_reg_cod_foreign` (`PRO_REG_COD`),
  ADD KEY `pro_proveedor_pro_ciu_cod_foreign` (`PRO_CIU_COD`);

--
-- Indices de la tabla `pv_provincia`
--
ALTER TABLE `pv_provincia`
  ADD PRIMARY KEY (`PV_COD`),
  ADD KEY `pv_provincia_pv_reg_cod_foreign` (`PV_REG_COD`);

--
-- Indices de la tabla `reg_region`
--
ALTER TABLE `reg_region`
  ADD PRIMARY KEY (`REG_COD`);

--
-- Indices de la tabla `rh_aa_activos_asignados`
--
ALTER TABLE `rh_aa_activos_asignados`
  ADD PRIMARY KEY (`AA_COD`),
  ADD KEY `rh_aa_activos_asignados_aa_pro_run_foreign` (`AA_PRO_RUN`),
  ADD KEY `rh_aa_activos_asignados_aa_act_id_foreign` (`AA_ACT_ID`);

--
-- Indices de la tabla `rh_adprov_adelanto_proveedor`
--
ALTER TABLE `rh_adprov_adelanto_proveedor`
  ADD PRIMARY KEY (`ADPROV_ID`),
  ADD KEY `rh_adprov_adelanto_proveedor_bonos_pro_run_foreign` (`BONOS_PRO_RUN`);

--
-- Indices de la tabla `rh_afp_administacion_fondo_pensiones`
--
ALTER TABLE `rh_afp_administacion_fondo_pensiones`
  ADD PRIMARY KEY (`AFP_ID`);

--
-- Indices de la tabla `rh_anho`
--
ALTER TABLE `rh_anho`
  ADD PRIMARY KEY (`ANH_ID`);

--
-- Indices de la tabla `rh_bonos`
--
ALTER TABLE `rh_bonos`
  ADD PRIMARY KEY (`BNS_ID`);

--
-- Indices de la tabla `rh_bonos_personal`
--
ALTER TABLE `rh_bonos_personal`
  ADD PRIMARY KEY (`BONOS_ID`),
  ADD KEY `rh_bonos_personal_bonos_pro_run_foreign` (`BONOS_PRO_RUN`),
  ADD KEY `rh_bonos_personal_bonos_bono_id_foreign` (`BONOS_BONO_ID`);

--
-- Indices de la tabla `rh_dper_documentos_personal`
--
ALTER TABLE `rh_dper_documentos_personal`
  ADD PRIMARY KEY (`DPER_ID`),
  ADD KEY `rh_dper_documentos_personal_dper_personal_per_rut_foreign` (`DPER_PERSONAL_PER_RUT`);

--
-- Indices de la tabla `rh_lm_licencias_medicas`
--
ALTER TABLE `rh_lm_licencias_medicas`
  ADD PRIMARY KEY (`LM_ID`),
  ADD KEY `rh_lm_licencias_medicas_lm_mlc_id_foreign` (`LM_MLC_ID`),
  ADD KEY `rh_lm_licencias_medicas_lm_per_rut_foreign` (`LM_PER_RUT`);

--
-- Indices de la tabla `rh_mes`
--
ALTER TABLE `rh_mes`
  ADD PRIMARY KEY (`MES_ID`);

--
-- Indices de la tabla `rh_mlc_motivo_licencia`
--
ALTER TABLE `rh_mlc_motivo_licencia`
  ADD PRIMARY KEY (`MLC_ID`);

--
-- Indices de la tabla `rh_mp_metadata_proveedor`
--
ALTER TABLE `rh_mp_metadata_proveedor`
  ADD PRIMARY KEY (`MP_COD`),
  ADD KEY `rh_mp_metadata_proveedor_mp_pro_run_foreign` (`MP_PRO_RUN`);

--
-- Indices de la tabla `rh_prev_salud`
--
ALTER TABLE `rh_prev_salud`
  ADD PRIMARY KEY (`PREV_COD`);

--
-- Indices de la tabla `rh_prmse_permisos_especiales`
--
ALTER TABLE `rh_prmse_permisos_especiales`
  ADD PRIMARY KEY (`PRMSE_COD`),
  ADD KEY `rh_prmse_permisos_especiales_prmse_personal_per_rut_foreign` (`PRMSE_PERSONAL_PER_RUT`);

--
-- Indices de la tabla `rh_rem_remuneraciones`
--
ALTER TABLE `rh_rem_remuneraciones`
  ADD PRIMARY KEY (`REM_ID`),
  ADD KEY `rh_rem_remuneraciones_rem_pro_rut_foreign` (`REM_PRO_RUT`),
  ADD KEY `rh_rem_remuneraciones_rem_mes_foreign` (`REM_MES`),
  ADD KEY `rh_rem_remuneraciones_rem_anho_foreign` (`REM_ANHO`);

--
-- Indices de la tabla `rh_rst_estado_remuneracion`
--
ALTER TABLE `rh_rst_estado_remuneracion`
  ADD PRIMARY KEY (`RST_COD`);

--
-- Indices de la tabla `rh_tr_tipo_remuneracion`
--
ALTER TABLE `rh_tr_tipo_remuneracion`
  ADD PRIMARY KEY (`TR_COD`);

--
-- Indices de la tabla `rh_vp_vacaciones_personal`
--
ALTER TABLE `rh_vp_vacaciones_personal`
  ADD PRIMARY KEY (`VP_COD`),
  ADD KEY `rh_vp_vacaciones_personal_vp_per_rut_foreign` (`VP_PER_RUT`);

--
-- Indices de la tabla `rmov_registro_movimiento`
--
ALTER TABLE `rmov_registro_movimiento`
  ADD PRIMARY KEY (`RMOV_ID`),
  ADD KEY `rmov_registro_movimiento_rmov_emp_id_foreign` (`RMOV_EMP_ID`),
  ADD KEY `rmov_registro_movimiento_rmov_ctae_foreign` (`RMOV_CTAE`),
  ADD KEY `rmov_registro_movimiento_rmov_tmov_id_foreign` (`RMOV_TMOV_ID`),
  ADD KEY `rmov_registro_movimiento_rmov_fte_id_foreign` (`RMOV_FTE_ID`),
  ADD KEY `rmov_registro_movimiento_rmov_cau_id_foreign` (`RMOV_CAU_ID`),
  ADD KEY `rmov_registro_movimiento_rmov_est_id_foreign` (`RMOV_EST_ID`),
  ADD KEY `rmov_registro_movimiento_rmov_tpdoc_id_foreign` (`RMOV_TPDOC_ID`);

--
-- Indices de la tabla `rub_rubro`
--
ALTER TABLE `rub_rubro`
  ADD PRIMARY KEY (`RUB_COD`);

--
-- Indices de la tabla `ser_servicios`
--
ALTER TABLE `ser_servicios`
  ADD PRIMARY KEY (`SER_COD`),
  ADD KEY `ser_servicios_ser_pro_run_foreign` (`SER_PRO_RUN`);

--
-- Indices de la tabla `sf_solicitud_fondo`
--
ALTER TABLE `sf_solicitud_fondo`
  ADD PRIMARY KEY (`SF_SOLICITUD_ID`),
  ADD KEY `sf_solicitud_fondo_sf_cau_id_foreign` (`SF_CAU_ID`),
  ADD KEY `sf_solicitud_fondo_sf_emp_id_foreign` (`SF_EMP_ID`),
  ADD KEY `sf_solicitud_fondo_sf_bco_id_foreign` (`SF_BCO_ID`),
  ADD KEY `sf_solicitud_fondo_sf_tipo_cta_bco_foreign` (`SF_TIPO_CTA_BCO`),
  ADD KEY `sf_solicitud_fondo_sf_est_foreign` (`SF_EST`),
  ADD KEY `sf_solicitud_fondo_sf_ctac_foreign` (`SF_CTAC`),
  ADD KEY `sf_solicitud_fondo_sf_ot_id_foreign` (`SF_OT_ID`);

--
-- Indices de la tabla `stp_servicios_tecnicos_profesionales`
--
ALTER TABLE `stp_servicios_tecnicos_profesionales`
  ADD PRIMARY KEY (`STP_COD`),
  ADD KEY `stp_servicios_tecnicos_profesionales_stp_pro_run_foreign` (`STP_PRO_RUN`),
  ADD KEY `stp_servicios_tecnicos_profesionales_stp_esta_id_foreign` (`STP_ESTA_ID`),
  ADD KEY `stp_servicios_tecnicos_profesionales_stp_estp_id_foreign` (`STP_ESTP_ID`),
  ADD KEY `stp_servicios_tecnicos_profesionales_stp_or_cod_foreign` (`STP_OR_COD`);

--
-- Indices de la tabla `sub_rub_rubro`
--
ALTER TABLE `sub_rub_rubro`
  ADD PRIMARY KEY (`SUB_RUB_COD`);

--
-- Indices de la tabla `tcta`
--
ALTER TABLE `tcta`
  ADD PRIMARY KEY (`TCTA_BCO`);

--
-- Indices de la tabla `tdc_tipo_doc`
--
ALTER TABLE `tdc_tipo_doc`
  ADD PRIMARY KEY (`TDC_ID`);

--
-- Indices de la tabla `tfct_tipo_factura`
--
ALTER TABLE `tfct_tipo_factura`
  ADD PRIMARY KEY (`TFCT_ID`);

--
-- Indices de la tabla `tmov_tipo_movimiento`
--
ALTER TABLE `tmov_tipo_movimiento`
  ADD PRIMARY KEY (`TMOV_ID`);

--
-- Indices de la tabla `tpg_tipo_gasto`
--
ALTER TABLE `tpg_tipo_gasto`
  ADD PRIMARY KEY (`TPG_ID`);

--
-- Indices de la tabla `tp_tipo_proveedor`
--
ALTER TABLE `tp_tipo_proveedor`
  ADD PRIMARY KEY (`TP_COD`);

--
-- AUTO_INCREMENT de las tablas volcadas
--

--
-- AUTO_INCREMENT de la tabla `actividad`
--
ALTER TABLE `actividad`
  MODIFY `ACT_COD_COD` int(10) UNSIGNED NOT NULL AUTO_INCREMENT, AUTO_INCREMENT=694;
--
-- AUTO_INCREMENT de la tabla `arm_arriendo_maquinaria`
--
ALTER TABLE `arm_arriendo_maquinaria`
  MODIFY `ARM_ID` int(10) UNSIGNED NOT NULL AUTO_INCREMENT;
--
-- AUTO_INCREMENT de la tabla `bco_banco`
--
ALTER TABLE `bco_banco`
  MODIFY `BCO_ID` int(10) UNSIGNED NOT NULL AUTO_INCREMENT, AUTO_INCREMENT=18;
--
-- AUTO_INCREMENT de la tabla `car_cargo`
--
ALTER TABLE `car_cargo`
  MODIFY `CAR_ID` int(10) UNSIGNED NOT NULL AUTO_INCREMENT, AUTO_INCREMENT=38;
--
-- AUTO_INCREMENT de la tabla `cau_causa`
--
ALTER TABLE `cau_causa`
  MODIFY `CAU_ID` int(10) UNSIGNED NOT NULL AUTO_INCREMENT, AUTO_INCREMENT=10;
--
-- AUTO_INCREMENT de la tabla `cb_cartorla_bancaria`
--
ALTER TABLE `cb_cartorla_bancaria`
  MODIFY `CB_ID` int(10) UNSIGNED NOT NULL AUTO_INCREMENT;
--
-- AUTO_INCREMENT de la tabla `ccontacto`
--
ALTER TABLE `ccontacto`
  MODIFY `ID_CONT` int(10) UNSIGNED NOT NULL AUTO_INCREMENT, AUTO_INCREMENT=2;
--
-- AUTO_INCREMENT de la tabla `ciu_ciudad`
--
ALTER TABLE `ciu_ciudad`
  MODIFY `CIU_COD` int(10) UNSIGNED NOT NULL AUTO_INCREMENT, AUTO_INCREMENT=347;
--
-- AUTO_INCREMENT de la tabla `ctae_cuenta_empresa`
--
ALTER TABLE `ctae_cuenta_empresa`
  MODIFY `CTAE_ID` int(10) UNSIGNED NOT NULL AUTO_INCREMENT, AUTO_INCREMENT=101;
--
-- AUTO_INCREMENT de la tabla `ct_centro_negocio`
--
ALTER TABLE `ct_centro_negocio`
  MODIFY `CT_ID` int(10) UNSIGNED NOT NULL AUTO_INCREMENT, AUTO_INCREMENT=5;
--
-- AUTO_INCREMENT de la tabla `dcp_documentos_pendientes`
--
ALTER TABLE `dcp_documentos_pendientes`
  MODIFY `DCP_ID` int(10) UNSIGNED NOT NULL AUTO_INCREMENT;
--
-- AUTO_INCREMENT de la tabla `doc_documento_rendicion`
--
ALTER TABLE `doc_documento_rendicion`
  MODIFY `DOC_ID` int(10) UNSIGNED NOT NULL AUTO_INCREMENT;
--
-- AUTO_INCREMENT de la tabla `emp_empresa`
--
ALTER TABLE `emp_empresa`
  MODIFY `EMP_ID` int(10) UNSIGNED NOT NULL AUTO_INCREMENT, AUTO_INCREMENT=6;
--
-- AUTO_INCREMENT de la tabla `ep_estado_proveedor`
--
ALTER TABLE `ep_estado_proveedor`
  MODIFY `EP_ID` int(10) UNSIGNED NOT NULL AUTO_INCREMENT, AUTO_INCREMENT=4;
--
-- AUTO_INCREMENT de la tabla `esta_estado_ofertas_admin`
--
ALTER TABLE `esta_estado_ofertas_admin`
  MODIFY `ESTA_COD` int(10) UNSIGNED NOT NULL AUTO_INCREMENT, AUTO_INCREMENT=3;
--
-- AUTO_INCREMENT de la tabla `estp_estado_oferta_prov`
--
ALTER TABLE `estp_estado_oferta_prov`
  MODIFY `ESTP_COD` int(10) UNSIGNED NOT NULL AUTO_INCREMENT, AUTO_INCREMENT=3;
--
-- AUTO_INCREMENT de la tabla `est_estado`
--
ALTER TABLE `est_estado`
  MODIFY `EST_ID` int(10) UNSIGNED NOT NULL AUTO_INCREMENT, AUTO_INCREMENT=11;
--
-- AUTO_INCREMENT de la tabla `fct_factura`
--
ALTER TABLE `fct_factura`
  MODIFY `FCT_ID` int(10) UNSIGNED NOT NULL AUTO_INCREMENT;
--
-- AUTO_INCREMENT de la tabla `fte_fuente`
--
ALTER TABLE `fte_fuente`
  MODIFY `FTE_ID` int(10) UNSIGNED NOT NULL AUTO_INCREMENT, AUTO_INCREMENT=6;
--
-- AUTO_INCREMENT de la tabla `inv_act_activos_internos`
--
ALTER TABLE `inv_act_activos_internos`
  MODIFY `ACT_ID` int(10) UNSIGNED NOT NULL AUTO_INCREMENT;
--
-- AUTO_INCREMENT de la tabla `inv_art_articulos`
--
ALTER TABLE `inv_art_articulos`
  MODIFY `ART_ID` int(10) UNSIGNED NOT NULL AUTO_INCREMENT;
--
-- AUTO_INCREMENT de la tabla `inv_fol_folio_orden_de_compra`
--
ALTER TABLE `inv_fol_folio_orden_de_compra`
  MODIFY `FOL_COD` int(10) UNSIGNED NOT NULL AUTO_INCREMENT;
--
-- AUTO_INCREMENT de la tabla `inv_fp_forma_de_pago`
--
ALTER TABLE `inv_fp_forma_de_pago`
  MODIFY `FP_ID` int(10) UNSIGNED NOT NULL AUTO_INCREMENT;
--
-- AUTO_INCREMENT de la tabla `inv_gd_guia_despacho`
--
ALTER TABLE `inv_gd_guia_despacho`
  MODIFY `GD_COD` int(10) UNSIGNED NOT NULL AUTO_INCREMENT;
--
-- AUTO_INCREMENT de la tabla `inv_ins_insumos`
--
ALTER TABLE `inv_ins_insumos`
  MODIFY `INS_COD` int(10) UNSIGNED NOT NULL AUTO_INCREMENT;
--
-- AUTO_INCREMENT de la tabla `inv_oc_orden_de_compra`
--
ALTER TABLE `inv_oc_orden_de_compra`
  MODIFY `OC_COD` int(10) UNSIGNED NOT NULL AUTO_INCREMENT;
--
-- AUTO_INCREMENT de la tabla `inv_prod_productos`
--
ALTER TABLE `inv_prod_productos`
  MODIFY `PROD_COD` int(10) UNSIGNED NOT NULL AUTO_INCREMENT;
--
-- AUTO_INCREMENT de la tabla `inv_ri_retiro_insumos`
--
ALTER TABLE `inv_ri_retiro_insumos`
  MODIFY `RI_ID` int(10) UNSIGNED NOT NULL AUTO_INCREMENT;
--
-- AUTO_INCREMENT de la tabla `inv_ser_servicios`
--
ALTER TABLE `inv_ser_servicios`
  MODIFY `SER_COD` int(10) UNSIGNED NOT NULL AUTO_INCREMENT;
--
-- AUTO_INCREMENT de la tabla `inv_v_voucher`
--
ALTER TABLE `inv_v_voucher`
  MODIFY `V_ID` int(10) UNSIGNED NOT NULL AUTO_INCREMENT;
--
-- AUTO_INCREMENT de la tabla `migrations`
--
ALTER TABLE `migrations`
  MODIFY `id` int(10) UNSIGNED NOT NULL AUTO_INCREMENT;
--
-- AUTO_INCREMENT de la tabla `ofar_oferta_articulos`
--
ALTER TABLE `ofar_oferta_articulos`
  MODIFY `OFAR_ID` int(10) UNSIGNED NOT NULL AUTO_INCREMENT;
--
-- AUTO_INCREMENT de la tabla `ofser_oferta_servicio`
--
ALTER TABLE `ofser_oferta_servicio`
  MODIFY `OFSER_COD` int(10) UNSIGNED NOT NULL AUTO_INCREMENT;
--
-- AUTO_INCREMENT de la tabla `or_orientacion`
--
ALTER TABLE `or_orientacion`
  MODIFY `OR_COD` int(10) UNSIGNED NOT NULL AUTO_INCREMENT, AUTO_INCREMENT=5;
--
-- AUTO_INCREMENT de la tabla `ot_orden_trabajo`
--
ALTER TABLE `ot_orden_trabajo`
  MODIFY `OT_ID` int(10) UNSIGNED NOT NULL AUTO_INCREMENT, AUTO_INCREMENT=101;
--
-- AUTO_INCREMENT de la tabla `pai_pais`
--
ALTER TABLE `pai_pais`
  MODIFY `PAI_COD` int(10) UNSIGNED NOT NULL AUTO_INCREMENT, AUTO_INCREMENT=3;
--
-- AUTO_INCREMENT de la tabla `prod_productos`
--
ALTER TABLE `prod_productos`
  MODIFY `PROD_COD` int(10) UNSIGNED NOT NULL AUTO_INCREMENT;
--
-- AUTO_INCREMENT de la tabla `pro_proceso`
--
ALTER TABLE `pro_proceso`
  MODIFY `PRO_ID` int(10) UNSIGNED NOT NULL AUTO_INCREMENT, AUTO_INCREMENT=7;
--
-- AUTO_INCREMENT de la tabla `pv_provincia`
--
ALTER TABLE `pv_provincia`
  MODIFY `PV_COD` int(10) UNSIGNED NOT NULL AUTO_INCREMENT, AUTO_INCREMENT=55;
--
-- AUTO_INCREMENT de la tabla `reg_region`
--
ALTER TABLE `reg_region`
  MODIFY `REG_COD` int(10) UNSIGNED NOT NULL AUTO_INCREMENT, AUTO_INCREMENT=16;
--
-- AUTO_INCREMENT de la tabla `rh_aa_activos_asignados`
--
ALTER TABLE `rh_aa_activos_asignados`
  MODIFY `AA_COD` int(10) UNSIGNED NOT NULL AUTO_INCREMENT;
--
-- AUTO_INCREMENT de la tabla `rh_adprov_adelanto_proveedor`
--
ALTER TABLE `rh_adprov_adelanto_proveedor`
  MODIFY `ADPROV_ID` int(10) UNSIGNED NOT NULL AUTO_INCREMENT;
--
-- AUTO_INCREMENT de la tabla `rh_afp_administacion_fondo_pensiones`
--
ALTER TABLE `rh_afp_administacion_fondo_pensiones`
  MODIFY `AFP_ID` int(10) UNSIGNED NOT NULL AUTO_INCREMENT;
--
-- AUTO_INCREMENT de la tabla `rh_anho`
--
ALTER TABLE `rh_anho`
  MODIFY `ANH_ID` int(10) UNSIGNED NOT NULL AUTO_INCREMENT;
--
-- AUTO_INCREMENT de la tabla `rh_bonos`
--
ALTER TABLE `rh_bonos`
  MODIFY `BNS_ID` int(10) UNSIGNED NOT NULL AUTO_INCREMENT;
--
-- AUTO_INCREMENT de la tabla `rh_bonos_personal`
--
ALTER TABLE `rh_bonos_personal`
  MODIFY `BONOS_ID` int(10) UNSIGNED NOT NULL AUTO_INCREMENT;
--
-- AUTO_INCREMENT de la tabla `rh_dper_documentos_personal`
--
ALTER TABLE `rh_dper_documentos_personal`
  MODIFY `DPER_ID` int(10) UNSIGNED NOT NULL AUTO_INCREMENT;
--
-- AUTO_INCREMENT de la tabla `rh_lm_licencias_medicas`
--
ALTER TABLE `rh_lm_licencias_medicas`
  MODIFY `LM_ID` int(10) UNSIGNED NOT NULL AUTO_INCREMENT;
--
-- AUTO_INCREMENT de la tabla `rh_mes`
--
ALTER TABLE `rh_mes`
  MODIFY `MES_ID` int(10) UNSIGNED NOT NULL AUTO_INCREMENT;
--
-- AUTO_INCREMENT de la tabla `rh_mlc_motivo_licencia`
--
ALTER TABLE `rh_mlc_motivo_licencia`
  MODIFY `MLC_ID` int(10) UNSIGNED NOT NULL AUTO_INCREMENT;
--
-- AUTO_INCREMENT de la tabla `rh_mp_metadata_proveedor`
--
ALTER TABLE `rh_mp_metadata_proveedor`
  MODIFY `MP_COD` int(10) UNSIGNED NOT NULL AUTO_INCREMENT;
--
-- AUTO_INCREMENT de la tabla `rh_prev_salud`
--
ALTER TABLE `rh_prev_salud`
  MODIFY `PREV_COD` int(10) UNSIGNED NOT NULL AUTO_INCREMENT;
--
-- AUTO_INCREMENT de la tabla `rh_prmse_permisos_especiales`
--
ALTER TABLE `rh_prmse_permisos_especiales`
  MODIFY `PRMSE_COD` int(10) UNSIGNED NOT NULL AUTO_INCREMENT;
--
-- AUTO_INCREMENT de la tabla `rh_rem_remuneraciones`
--
ALTER TABLE `rh_rem_remuneraciones`
  MODIFY `REM_ID` int(10) UNSIGNED NOT NULL AUTO_INCREMENT;
--
-- AUTO_INCREMENT de la tabla `rh_rst_estado_remuneracion`
--
ALTER TABLE `rh_rst_estado_remuneracion`
  MODIFY `RST_COD` int(10) UNSIGNED NOT NULL AUTO_INCREMENT;
--
-- AUTO_INCREMENT de la tabla `rh_tr_tipo_remuneracion`
--
ALTER TABLE `rh_tr_tipo_remuneracion`
  MODIFY `TR_COD` int(10) UNSIGNED NOT NULL AUTO_INCREMENT;
--
-- AUTO_INCREMENT de la tabla `rh_vp_vacaciones_personal`
--
ALTER TABLE `rh_vp_vacaciones_personal`
  MODIFY `VP_COD` int(10) UNSIGNED NOT NULL AUTO_INCREMENT;
--
-- AUTO_INCREMENT de la tabla `rmov_registro_movimiento`
--
ALTER TABLE `rmov_registro_movimiento`
  MODIFY `RMOV_ID` int(10) UNSIGNED NOT NULL AUTO_INCREMENT, AUTO_INCREMENT=101;
--
-- AUTO_INCREMENT de la tabla `rub_rubro`
--
ALTER TABLE `rub_rubro`
  MODIFY `RUB_COD` int(10) UNSIGNED NOT NULL AUTO_INCREMENT, AUTO_INCREMENT=19;
--
-- AUTO_INCREMENT de la tabla `ser_servicios`
--
ALTER TABLE `ser_servicios`
  MODIFY `SER_COD` int(10) UNSIGNED NOT NULL AUTO_INCREMENT;
--
-- AUTO_INCREMENT de la tabla `sf_solicitud_fondo`
--
ALTER TABLE `sf_solicitud_fondo`
  MODIFY `SF_SOLICITUD_ID` int(10) UNSIGNED NOT NULL AUTO_INCREMENT, AUTO_INCREMENT=101;
--
-- AUTO_INCREMENT de la tabla `stp_servicios_tecnicos_profesionales`
--
ALTER TABLE `stp_servicios_tecnicos_profesionales`
  MODIFY `STP_COD` int(10) UNSIGNED NOT NULL AUTO_INCREMENT;
--
-- AUTO_INCREMENT de la tabla `sub_rub_rubro`
--
ALTER TABLE `sub_rub_rubro`
  MODIFY `SUB_RUB_COD` int(10) UNSIGNED NOT NULL AUTO_INCREMENT, AUTO_INCREMENT=132;
--
-- AUTO_INCREMENT de la tabla `tcta`
--
ALTER TABLE `tcta`
  MODIFY `TCTA_BCO` int(10) UNSIGNED NOT NULL AUTO_INCREMENT, AUTO_INCREMENT=3;
--
-- AUTO_INCREMENT de la tabla `tdc_tipo_doc`
--
ALTER TABLE `tdc_tipo_doc`
  MODIFY `TDC_ID` int(10) UNSIGNED NOT NULL AUTO_INCREMENT, AUTO_INCREMENT=7;
--
-- AUTO_INCREMENT de la tabla `tfct_tipo_factura`
--
ALTER TABLE `tfct_tipo_factura`
  MODIFY `TFCT_ID` int(10) UNSIGNED NOT NULL AUTO_INCREMENT;
--
-- AUTO_INCREMENT de la tabla `tmov_tipo_movimiento`
--
ALTER TABLE `tmov_tipo_movimiento`
  MODIFY `TMOV_ID` int(10) UNSIGNED NOT NULL AUTO_INCREMENT, AUTO_INCREMENT=3;
--
-- AUTO_INCREMENT de la tabla `tpg_tipo_gasto`
--
ALTER TABLE `tpg_tipo_gasto`
  MODIFY `TPG_ID` int(10) UNSIGNED NOT NULL AUTO_INCREMENT, AUTO_INCREMENT=6;
--
-- AUTO_INCREMENT de la tabla `tp_tipo_proveedor`
--
ALTER TABLE `tp_tipo_proveedor`
  MODIFY `TP_COD` int(10) UNSIGNED NOT NULL AUTO_INCREMENT, AUTO_INCREMENT=4;
--
-- Restricciones para tablas volcadas
--

--
-- Filtros para la tabla `arm_arriendo_maquinaria`
--
ALTER TABLE `arm_arriendo_maquinaria`
  ADD CONSTRAINT `arm_arriendo_maquinaria_arm_esta_id_foreign` FOREIGN KEY (`ARM_ESTA_ID`) REFERENCES `esta_estado_ofertas_admin` (`ESTA_COD`),
  ADD CONSTRAINT `arm_arriendo_maquinaria_arm_estp_id_foreign` FOREIGN KEY (`ARM_ESTP_ID`) REFERENCES `estp_estado_oferta_prov` (`ESTP_COD`),
  ADD CONSTRAINT `arm_arriendo_maquinaria_arm_or_cod_foreign` FOREIGN KEY (`ARM_OR_COD`) REFERENCES `or_orientacion` (`OR_COD`),
  ADD CONSTRAINT `arm_arriendo_maquinaria_arm_pro_run_foreign` FOREIGN KEY (`ARM_PRO_RUN`) REFERENCES `pro_proveedor` (`PRO_RUN`);

--
-- Filtros para la tabla `cb_cartorla_bancaria`
--
ALTER TABLE `cb_cartorla_bancaria`
  ADD CONSTRAINT `cb_cartorla_bancaria_cb_causa_id_foreign` FOREIGN KEY (`CB_CAUSA_ID`) REFERENCES `cau_causa` (`CAU_ID`),
  ADD CONSTRAINT `cb_cartorla_bancaria_cb_ctaeempresa_ctae_id_foreign` FOREIGN KEY (`CB_CTAEEMPRESA_CTAE_ID`) REFERENCES `ctae_cuenta_empresa` (`CTAE_ID`),
  ADD CONSTRAINT `cb_cartorla_bancaria_cb_tmov_id_foreign` FOREIGN KEY (`CB_TMOV_ID`) REFERENCES `tmov_tipo_movimiento` (`TMOV_ID`);

--
-- Filtros para la tabla `ciu_ciudad`
--
ALTER TABLE `ciu_ciudad`
  ADD CONSTRAINT `ciu_ciudad_ciu_pv_cod_foreign` FOREIGN KEY (`CIU_PV_COD`) REFERENCES `pv_provincia` (`PV_COD`);

--
-- Filtros para la tabla `cli_cliente`
--
ALTER TABLE `cli_cliente`
  ADD CONSTRAINT `cli_cliente_cli_actividad_foreign` FOREIGN KEY (`CLI_ACTIVIDAD`) REFERENCES `actividad` (`ACT_COD_COD`),
  ADD CONSTRAINT `cli_cliente_cli_banco_foreign` FOREIGN KEY (`CLI_BANCO`) REFERENCES `bco_banco` (`BCO_ID`),
  ADD CONSTRAINT `cli_cliente_cli_ciudad_foreign` FOREIGN KEY (`CLI_CIUDAD`) REFERENCES `ciu_ciudad` (`CIU_COD`),
  ADD CONSTRAINT `cli_cliente_cli_pais_foreign` FOREIGN KEY (`CLI_PAIS`) REFERENCES `pai_pais` (`PAI_COD`),
  ADD CONSTRAINT `cli_cliente_cli_provincia_foreign` FOREIGN KEY (`CLI_PROVINCIA`) REFERENCES `pv_provincia` (`PV_COD`),
  ADD CONSTRAINT `cli_cliente_cli_region_foreign` FOREIGN KEY (`CLI_REGION`) REFERENCES `reg_region` (`REG_COD`),
  ADD CONSTRAINT `cli_cliente_cli_rubro_foreign` FOREIGN KEY (`CLI_RUBRO`) REFERENCES `rub_rubro` (`RUB_COD`),
  ADD CONSTRAINT `cli_cliente_cli_sub_rubro_foreign` FOREIGN KEY (`CLI_SUB_RUBRO`) REFERENCES `sub_rub_rubro` (`SUB_RUB_COD`),
  ADD CONSTRAINT `cli_cliente_cli_tcta_bco_foreign` FOREIGN KEY (`CLI_TCTA_BCO`) REFERENCES `tcta` (`TCTA_BCO`);

--
-- Filtros para la tabla `ctae_cuenta_empresa`
--
ALTER TABLE `ctae_cuenta_empresa`
  ADD CONSTRAINT `ctae_cuenta_empresa_ctae_bco_id_foreign` FOREIGN KEY (`CTAE_BCO_ID`) REFERENCES `bco_banco` (`BCO_ID`),
  ADD CONSTRAINT `ctae_cuenta_empresa_ctae_emp_id_foreign` FOREIGN KEY (`CTAE_EMP_ID`) REFERENCES `emp_empresa` (`EMP_ID`);

--
-- Filtros para la tabla `ct_centro_negocio`
--
ALTER TABLE `ct_centro_negocio`
  ADD CONSTRAINT `ct_centro_negocio_ct_emp_id_foreign` FOREIGN KEY (`CT_EMP_ID`) REFERENCES `emp_empresa` (`EMP_ID`),
  ADD CONSTRAINT `ct_centro_negocio_ct_pro_id_foreign` FOREIGN KEY (`CT_PRO_ID`) REFERENCES `pro_proceso` (`PRO_ID`);

--
-- Filtros para la tabla `dcp_documentos_pendientes`
--
ALTER TABLE `dcp_documentos_pendientes`
  ADD CONSTRAINT `dcp_documentos_pendientes_dcp_est_foreign` FOREIGN KEY (`DCP_EST`) REFERENCES `est_estado` (`EST_ID`),
  ADD CONSTRAINT `dcp_documentos_pendientes_dcp_pro_run_foreign` FOREIGN KEY (`DCP_PRO_RUN`) REFERENCES `pro_proveedor` (`PRO_RUN`),
  ADD CONSTRAINT `dcp_documentos_pendientes_emp_empresa_emp_id_foreign` FOREIGN KEY (`EMP_EMPRESA_EMP_ID`) REFERENCES `emp_empresa` (`EMP_ID`),
  ADD CONSTRAINT `dcp_documentos_pendientes_ot_orden_trabajo_ot_id_foreign` FOREIGN KEY (`OT_ORDEN_TRABAJO_OT_ID`) REFERENCES `ot_orden_trabajo` (`OT_ID`),
  ADD CONSTRAINT `dcp_documentos_pendientes_tdc_tipo_doc_tdc_id_foreign` FOREIGN KEY (`TDC_TIPO_DOC_TDC_ID`) REFERENCES `tdc_tipo_doc` (`TDC_ID`);

--
-- Filtros para la tabla `doc_documento_rendicion`
--
ALTER TABLE `doc_documento_rendicion`
  ADD CONSTRAINT `doc_documento_rendicion_doc_emp_id_foreign` FOREIGN KEY (`DOC_EMP_ID`) REFERENCES `emp_empresa` (`EMP_ID`),
  ADD CONSTRAINT `doc_documento_rendicion_doc_solicitud_id_foreign` FOREIGN KEY (`DOC_SOLICITUD_ID`) REFERENCES `sf_solicitud_fondo` (`SF_SOLICITUD_ID`),
  ADD CONSTRAINT `doc_documento_rendicion_doc_tipo_doc_foreign` FOREIGN KEY (`DOC_TIPO_DOC`) REFERENCES `tdc_tipo_doc` (`TDC_ID`),
  ADD CONSTRAINT `doc_documento_rendicion_doc_tipo_gasto_foreign` FOREIGN KEY (`DOC_TIPO_GASTO`) REFERENCES `tpg_tipo_gasto` (`TPG_ID`);

--
-- Filtros para la tabla `fct_factura`
--
ALTER TABLE `fct_factura`
  ADD CONSTRAINT `fct_factura_fct_cli_rut_foreign` FOREIGN KEY (`FCT_CLI_RUT`) REFERENCES `cli_cliente` (`CLI_RUT`),
  ADD CONSTRAINT `fct_factura_fct_emp_id_foreign` FOREIGN KEY (`FCT_EMP_ID`) REFERENCES `emp_empresa` (`EMP_ID`),
  ADD CONSTRAINT `fct_factura_fct_est_id_foreign` FOREIGN KEY (`FCT_EST_ID`) REFERENCES `est_estado` (`EST_ID`),
  ADD CONSTRAINT `fct_factura_fct_ot_id_foreign` FOREIGN KEY (`FCT_OT_ID`) REFERENCES `ot_orden_trabajo` (`OT_ID`),
  ADD CONSTRAINT `fct_factura_fct_tp_id_foreign` FOREIGN KEY (`FCT_TP_ID`) REFERENCES `tfct_tipo_factura` (`TFCT_ID`),
  ADD CONSTRAINT `fct_factura_tdc_tipo_doc_tdc_id_foreign` FOREIGN KEY (`TDC_TIPO_DOC_TDC_ID`) REFERENCES `tdc_tipo_doc` (`TDC_ID`);

--
-- Filtros para la tabla `inv_art_articulos`
--
ALTER TABLE `inv_art_articulos`
  ADD CONSTRAINT `inv_art_articulos_art_oc_cod_foreign` FOREIGN KEY (`ART_OC_COD`) REFERENCES `inv_oc_orden_de_compra` (`OC_COD`);

--
-- Filtros para la tabla `inv_fol_folio_orden_de_compra`
--
ALTER TABLE `inv_fol_folio_orden_de_compra`
  ADD CONSTRAINT `inv_fol_folio_orden_de_compra_fol_emp_id_foreign` FOREIGN KEY (`FOL_EMP_ID`) REFERENCES `emp_empresa` (`EMP_ID`),
  ADD CONSTRAINT `inv_fol_folio_orden_de_compra_fol_oc_cod_foreign` FOREIGN KEY (`FOL_OC_COD`) REFERENCES `inv_oc_orden_de_compra` (`OC_COD`);

--
-- Filtros para la tabla `inv_gd_guia_despacho`
--
ALTER TABLE `inv_gd_guia_despacho`
  ADD CONSTRAINT `inv_gd_guia_despacho_gd_oc_cod_foreign` FOREIGN KEY (`GD_OC_COD`) REFERENCES `inv_oc_orden_de_compra` (`OC_COD`);

--
-- Filtros para la tabla `inv_ins_insumos`
--
ALTER TABLE `inv_ins_insumos`
  ADD CONSTRAINT `inv_ins_insumos_ins_pro_run_foreign` FOREIGN KEY (`INS_PRO_RUN`) REFERENCES `pro_proveedor` (`PRO_RUN`);

--
-- Filtros para la tabla `inv_lvp_lista_venta_producto`
--
ALTER TABLE `inv_lvp_lista_venta_producto`
  ADD CONSTRAINT `inv_lvp_lista_venta_producto_lvp_prod_cod_foreign` FOREIGN KEY (`LVP_PROD_COD`) REFERENCES `inv_prod_productos` (`PROD_COD`),
  ADD CONSTRAINT `inv_lvp_lista_venta_producto_lvp_v_id_foreign` FOREIGN KEY (`LVP_V_ID`) REFERENCES `inv_v_voucher` (`V_ID`);

--
-- Filtros para la tabla `inv_lvs_lista_venta_servicios`
--
ALTER TABLE `inv_lvs_lista_venta_servicios`
  ADD CONSTRAINT `inv_lvs_lista_venta_servicios_lvs_ser_cod_foreign` FOREIGN KEY (`LVS_SER_COD`) REFERENCES `inv_ser_servicios` (`SER_COD`),
  ADD CONSTRAINT `inv_lvs_lista_venta_servicios_lvs_v_id_foreign` FOREIGN KEY (`LVS_V_ID`) REFERENCES `inv_v_voucher` (`V_ID`);

--
-- Filtros para la tabla `inv_oc_orden_de_compra`
--
ALTER TABLE `inv_oc_orden_de_compra`
  ADD CONSTRAINT `inv_oc_orden_de_compra_oc_pro_run_foreign` FOREIGN KEY (`OC_PRO_RUN`) REFERENCES `pro_proveedor` (`PRO_RUN`);

--
-- Filtros para la tabla `inv_prod_productos`
--
ALTER TABLE `inv_prod_productos`
  ADD CONSTRAINT `inv_prod_productos_prod_pro_run_foreign` FOREIGN KEY (`PROD_PRO_RUN`) REFERENCES `pro_proveedor` (`PRO_RUN`);

--
-- Filtros para la tabla `inv_ri_retiro_insumos`
--
ALTER TABLE `inv_ri_retiro_insumos`
  ADD CONSTRAINT `inv_ri_retiro_insumos_ri_ins_cod_foreign` FOREIGN KEY (`RI_INS_COD`) REFERENCES `inv_ins_insumos` (`INS_COD`),
  ADD CONSTRAINT `inv_ri_retiro_insumos_ri_pro_run_foreign` FOREIGN KEY (`RI_PRO_RUN`) REFERENCES `pro_proveedor` (`PRO_RUN`);

--
-- Filtros para la tabla `inv_ser_servicios`
--
ALTER TABLE `inv_ser_servicios`
  ADD CONSTRAINT `inv_ser_servicios_ser_pro_run_foreign` FOREIGN KEY (`SER_PRO_RUN`) REFERENCES `pro_proveedor` (`PRO_RUN`);

--
-- Filtros para la tabla `inv_v_voucher`
--
ALTER TABLE `inv_v_voucher`
  ADD CONSTRAINT `inv_v_voucher_v_fp_id_foreign` FOREIGN KEY (`V_FP_ID`) REFERENCES `inv_fp_forma_de_pago` (`FP_ID`),
  ADD CONSTRAINT `inv_v_voucher_v_pro_run_foreign` FOREIGN KEY (`V_PRO_RUN`) REFERENCES `pro_proveedor` (`PRO_RUN`);

--
-- Filtros para la tabla `ofar_oferta_articulos`
--
ALTER TABLE `ofar_oferta_articulos`
  ADD CONSTRAINT `ofar_oferta_articulos_ofar_esta_id_foreign` FOREIGN KEY (`OFAR_ESTA_ID`) REFERENCES `esta_estado_ofertas_admin` (`ESTA_COD`),
  ADD CONSTRAINT `ofar_oferta_articulos_ofar_estp_id_foreign` FOREIGN KEY (`OFAR_ESTP_ID`) REFERENCES `estp_estado_oferta_prov` (`ESTP_COD`),
  ADD CONSTRAINT `ofar_oferta_articulos_ofar_or_cod_foreign` FOREIGN KEY (`OFAR_OR_COD`) REFERENCES `or_orientacion` (`OR_COD`),
  ADD CONSTRAINT `ofar_oferta_articulos_ofar_pro_run_foreign` FOREIGN KEY (`OFAR_PRO_RUN`) REFERENCES `pro_proveedor` (`PRO_RUN`);

--
-- Filtros para la tabla `ofser_oferta_servicio`
--
ALTER TABLE `ofser_oferta_servicio`
  ADD CONSTRAINT `ofser_oferta_servicio_ofser_esta_id_foreign` FOREIGN KEY (`OFSER_ESTA_ID`) REFERENCES `esta_estado_ofertas_admin` (`ESTA_COD`),
  ADD CONSTRAINT `ofser_oferta_servicio_ofser_estp_id_foreign` FOREIGN KEY (`OFSER_ESTP_ID`) REFERENCES `estp_estado_oferta_prov` (`ESTP_COD`),
  ADD CONSTRAINT `ofser_oferta_servicio_ofser_or_cod_foreign` FOREIGN KEY (`OFSER_OR_COD`) REFERENCES `or_orientacion` (`OR_COD`),
  ADD CONSTRAINT `ofser_oferta_servicio_ofser_pro_run_foreign` FOREIGN KEY (`OFSER_PRO_RUN`) REFERENCES `pro_proveedor` (`PRO_RUN`);

--
-- Filtros para la tabla `ot_orden_trabajo`
--
ALTER TABLE `ot_orden_trabajo`
  ADD CONSTRAINT `ot_orden_trabajo_ot_centro_negocio_id_foreign` FOREIGN KEY (`OT_CENTRO_NEGOCIO_ID`) REFERENCES `ct_centro_negocio` (`CT_ID`),
  ADD CONSTRAINT `ot_orden_trabajo_ot_cli_rut_foreign` FOREIGN KEY (`OT_CLI_RUT`) REFERENCES `cli_cliente` (`CLI_RUT`),
  ADD CONSTRAINT `ot_orden_trabajo_ot_est_id_foreign` FOREIGN KEY (`OT_EST_ID`) REFERENCES `est_estado` (`EST_ID`),
  ADD CONSTRAINT `ot_orden_trabajo_ot_per_rut_encargado_foreign` FOREIGN KEY (`OT_PER_RUT_ENCARGADO`) REFERENCES `pro_proveedor` (`PRO_RUN`);

--
-- Filtros para la tabla `prod_productos`
--
ALTER TABLE `prod_productos`
  ADD CONSTRAINT `prod_productos_prod_pro_run_foreign` FOREIGN KEY (`PROD_PRO_RUN`) REFERENCES `pro_proveedor` (`PRO_RUN`);

--
-- Filtros para la tabla `pro_proveedor`
--
ALTER TABLE `pro_proveedor`
  ADD CONSTRAINT `pro_proveedor_pro_bco_id_foreign` FOREIGN KEY (`PRO_BCO_ID`) REFERENCES `bco_banco` (`BCO_ID`),
  ADD CONSTRAINT `pro_proveedor_pro_car_id_foreign` FOREIGN KEY (`PRO_CAR_ID`) REFERENCES `car_cargo` (`CAR_ID`),
  ADD CONSTRAINT `pro_proveedor_pro_ciu_cod_foreign` FOREIGN KEY (`PRO_CIU_COD`) REFERENCES `ciu_ciudad` (`CIU_COD`),
  ADD CONSTRAINT `pro_proveedor_pro_emp_foreign` FOREIGN KEY (`PRO_EMP`) REFERENCES `emp_empresa` (`EMP_ID`),
  ADD CONSTRAINT `pro_proveedor_pro_estado_personal_foreign` FOREIGN KEY (`PRO_ESTADO_PERSONAL`) REFERENCES `ep_estado_proveedor` (`EP_ID`),
  ADD CONSTRAINT `pro_proveedor_pro_pai_cod_foreign` FOREIGN KEY (`PRO_PAI_COD`) REFERENCES `pai_pais` (`PAI_COD`),
  ADD CONSTRAINT `pro_proveedor_pro_pv_cod_foreign` FOREIGN KEY (`PRO_PV_COD`) REFERENCES `pv_provincia` (`PV_COD`),
  ADD CONSTRAINT `pro_proveedor_pro_reg_cod_foreign` FOREIGN KEY (`PRO_REG_COD`) REFERENCES `reg_region` (`REG_COD`),
  ADD CONSTRAINT `pro_proveedor_pro_tcta_bco_foreign` FOREIGN KEY (`PRO_TCTA_BCO`) REFERENCES `tcta` (`TCTA_BCO`),
  ADD CONSTRAINT `pro_proveedor_pro_tp_cod_foreign` FOREIGN KEY (`PRO_TP_COD`) REFERENCES `tp_tipo_proveedor` (`TP_COD`);

--
-- Filtros para la tabla `pv_provincia`
--
ALTER TABLE `pv_provincia`
  ADD CONSTRAINT `pv_provincia_pv_reg_cod_foreign` FOREIGN KEY (`PV_REG_COD`) REFERENCES `reg_region` (`REG_COD`);

--
-- Filtros para la tabla `rh_aa_activos_asignados`
--
ALTER TABLE `rh_aa_activos_asignados`
  ADD CONSTRAINT `rh_aa_activos_asignados_aa_act_id_foreign` FOREIGN KEY (`AA_ACT_ID`) REFERENCES `inv_act_activos_internos` (`ACT_ID`),
  ADD CONSTRAINT `rh_aa_activos_asignados_aa_pro_run_foreign` FOREIGN KEY (`AA_PRO_RUN`) REFERENCES `pro_proveedor` (`PRO_RUN`);

--
-- Filtros para la tabla `rh_adprov_adelanto_proveedor`
--
ALTER TABLE `rh_adprov_adelanto_proveedor`
  ADD CONSTRAINT `rh_adprov_adelanto_proveedor_bonos_pro_run_foreign` FOREIGN KEY (`BONOS_PRO_RUN`) REFERENCES `pro_proveedor` (`PRO_RUN`);

--
-- Filtros para la tabla `rh_bonos_personal`
--
ALTER TABLE `rh_bonos_personal`
  ADD CONSTRAINT `rh_bonos_personal_bonos_bono_id_foreign` FOREIGN KEY (`BONOS_BONO_ID`) REFERENCES `rh_bonos` (`BNS_ID`),
  ADD CONSTRAINT `rh_bonos_personal_bonos_pro_run_foreign` FOREIGN KEY (`BONOS_PRO_RUN`) REFERENCES `pro_proveedor` (`PRO_RUN`);

--
-- Filtros para la tabla `rh_dper_documentos_personal`
--
ALTER TABLE `rh_dper_documentos_personal`
  ADD CONSTRAINT `rh_dper_documentos_personal_dper_personal_per_rut_foreign` FOREIGN KEY (`DPER_PERSONAL_PER_RUT`) REFERENCES `pro_proveedor` (`PRO_RUN`);

--
-- Filtros para la tabla `rh_lm_licencias_medicas`
--
ALTER TABLE `rh_lm_licencias_medicas`
  ADD CONSTRAINT `rh_lm_licencias_medicas_lm_mlc_id_foreign` FOREIGN KEY (`LM_MLC_ID`) REFERENCES `rh_mlc_motivo_licencia` (`MLC_ID`),
  ADD CONSTRAINT `rh_lm_licencias_medicas_lm_per_rut_foreign` FOREIGN KEY (`LM_PER_RUT`) REFERENCES `pro_proveedor` (`PRO_RUN`);

--
-- Filtros para la tabla `rh_mp_metadata_proveedor`
--
ALTER TABLE `rh_mp_metadata_proveedor`
  ADD CONSTRAINT `rh_mp_metadata_proveedor_mp_pro_run_foreign` FOREIGN KEY (`MP_PRO_RUN`) REFERENCES `pro_proveedor` (`PRO_RUN`);

--
-- Filtros para la tabla `rh_prmse_permisos_especiales`
--
ALTER TABLE `rh_prmse_permisos_especiales`
  ADD CONSTRAINT `rh_prmse_permisos_especiales_prmse_personal_per_rut_foreign` FOREIGN KEY (`PRMSE_PERSONAL_PER_RUT`) REFERENCES `pro_proveedor` (`PRO_RUN`);

--
-- Filtros para la tabla `rh_rem_remuneraciones`
--
ALTER TABLE `rh_rem_remuneraciones`
  ADD CONSTRAINT `rh_rem_remuneraciones_rem_anho_foreign` FOREIGN KEY (`REM_ANHO`) REFERENCES `rh_anho` (`ANH_ID`),
  ADD CONSTRAINT `rh_rem_remuneraciones_rem_mes_foreign` FOREIGN KEY (`REM_MES`) REFERENCES `rh_mes` (`MES_ID`),
  ADD CONSTRAINT `rh_rem_remuneraciones_rem_pro_rut_foreign` FOREIGN KEY (`REM_PRO_RUT`) REFERENCES `pro_proveedor` (`PRO_RUN`);

--
-- Filtros para la tabla `rh_vp_vacaciones_personal`
--
ALTER TABLE `rh_vp_vacaciones_personal`
  ADD CONSTRAINT `rh_vp_vacaciones_personal_vp_per_rut_foreign` FOREIGN KEY (`VP_PER_RUT`) REFERENCES `pro_proveedor` (`PRO_RUN`);

--
-- Filtros para la tabla `rmov_registro_movimiento`
--
ALTER TABLE `rmov_registro_movimiento`
  ADD CONSTRAINT `rmov_registro_movimiento_rmov_cau_id_foreign` FOREIGN KEY (`RMOV_CAU_ID`) REFERENCES `cau_causa` (`CAU_ID`),
  ADD CONSTRAINT `rmov_registro_movimiento_rmov_ctae_foreign` FOREIGN KEY (`RMOV_CTAE`) REFERENCES `ctae_cuenta_empresa` (`CTAE_ID`),
  ADD CONSTRAINT `rmov_registro_movimiento_rmov_emp_id_foreign` FOREIGN KEY (`RMOV_EMP_ID`) REFERENCES `emp_empresa` (`EMP_ID`),
  ADD CONSTRAINT `rmov_registro_movimiento_rmov_est_id_foreign` FOREIGN KEY (`RMOV_EST_ID`) REFERENCES `est_estado` (`EST_ID`),
  ADD CONSTRAINT `rmov_registro_movimiento_rmov_fte_id_foreign` FOREIGN KEY (`RMOV_FTE_ID`) REFERENCES `fte_fuente` (`FTE_ID`),
  ADD CONSTRAINT `rmov_registro_movimiento_rmov_tmov_id_foreign` FOREIGN KEY (`RMOV_TMOV_ID`) REFERENCES `tmov_tipo_movimiento` (`TMOV_ID`),
  ADD CONSTRAINT `rmov_registro_movimiento_rmov_tpdoc_id_foreign` FOREIGN KEY (`RMOV_TPDOC_ID`) REFERENCES `tdc_tipo_doc` (`TDC_ID`);

--
-- Filtros para la tabla `ser_servicios`
--
ALTER TABLE `ser_servicios`
  ADD CONSTRAINT `ser_servicios_ser_pro_run_foreign` FOREIGN KEY (`SER_PRO_RUN`) REFERENCES `pro_proveedor` (`PRO_RUN`);

--
-- Filtros para la tabla `sf_solicitud_fondo`
--
ALTER TABLE `sf_solicitud_fondo`
  ADD CONSTRAINT `sf_solicitud_fondo_sf_bco_id_foreign` FOREIGN KEY (`SF_BCO_ID`) REFERENCES `bco_banco` (`BCO_ID`),
  ADD CONSTRAINT `sf_solicitud_fondo_sf_cau_id_foreign` FOREIGN KEY (`SF_CAU_ID`) REFERENCES `cau_causa` (`CAU_ID`),
  ADD CONSTRAINT `sf_solicitud_fondo_sf_ctac_foreign` FOREIGN KEY (`SF_CTAC`) REFERENCES `ctae_cuenta_empresa` (`CTAE_ID`),
  ADD CONSTRAINT `sf_solicitud_fondo_sf_emp_id_foreign` FOREIGN KEY (`SF_EMP_ID`) REFERENCES `emp_empresa` (`EMP_ID`),
  ADD CONSTRAINT `sf_solicitud_fondo_sf_est_foreign` FOREIGN KEY (`SF_EST`) REFERENCES `est_estado` (`EST_ID`),
  ADD CONSTRAINT `sf_solicitud_fondo_sf_ot_id_foreign` FOREIGN KEY (`SF_OT_ID`) REFERENCES `ot_orden_trabajo` (`OT_ID`),
  ADD CONSTRAINT `sf_solicitud_fondo_sf_tipo_cta_bco_foreign` FOREIGN KEY (`SF_TIPO_CTA_BCO`) REFERENCES `tcta` (`TCTA_BCO`);

--
-- Filtros para la tabla `stp_servicios_tecnicos_profesionales`
--
ALTER TABLE `stp_servicios_tecnicos_profesionales`
  ADD CONSTRAINT `stp_servicios_tecnicos_profesionales_stp_esta_id_foreign` FOREIGN KEY (`STP_ESTA_ID`) REFERENCES `esta_estado_ofertas_admin` (`ESTA_COD`),
  ADD CONSTRAINT `stp_servicios_tecnicos_profesionales_stp_estp_id_foreign` FOREIGN KEY (`STP_ESTP_ID`) REFERENCES `estp_estado_oferta_prov` (`ESTP_COD`),
  ADD CONSTRAINT `stp_servicios_tecnicos_profesionales_stp_or_cod_foreign` FOREIGN KEY (`STP_OR_COD`) REFERENCES `or_orientacion` (`OR_COD`),
  ADD CONSTRAINT `stp_servicios_tecnicos_profesionales_stp_pro_run_foreign` FOREIGN KEY (`STP_PRO_RUN`) REFERENCES `pro_proveedor` (`PRO_RUN`);
COMMIT;

/*!40101 SET CHARACTER_SET_CLIENT=@OLD_CHARACTER_SET_CLIENT */;
/*!40101 SET CHARACTER_SET_RESULTS=@OLD_CHARACTER_SET_RESULTS */;
/*!40101 SET COLLATION_CONNECTION=@OLD_COLLATION_CONNECTION */;
